date,fire_count,frp_mean,frp_total,confidence_avg,tavg,tmin,tmax,prcp,wspd,fire_weather_index,drought_days,high_temp,high_wind,temp_range,month,season,fire_occurred,temp_lag1,prcp_lag1,drought_cumsum,season_encoded,tavg_rolling_3d,prcp_rolling_3d,wspd_rolling_3d,tavg_lag2,tavg_lag3,prcp_lag2,prcp_lag3,wspd_lag2,wspd_lag3,tavg_wspd_interaction
2023-01-05,6.0,1.71,10.26,0.0,14.05,7.6,19.95,0.0,6.0,53.17,1,0,0,12.35,1,Winter,1,13.75,0.0,5,3,14.316666666666668,0.0,6.333333333333333,15.15,15.25,0.0,0.05,7.3,6.4,84.30000000000001
2023-01-06,3.0,2.2,6.59,62.0,13.45,8.8,19.3,0.0,5.15,51.52,1,0,0,10.5,1,Winter,1,14.05,0.0,6,3,13.75,0.0,5.616666666666667,13.75,15.15,0.0,0.0,5.7,7.3,69.2675
2023-01-07,4.0,2.24,8.98,0.0,13.9,7.5,20.8,0.0,5.25,52.16,1,0,0,13.3,1,Winter,1,13.45,0.0,7,3,13.800000000000002,0.0,5.466666666666666,14.05,13.75,0.0,0.0,6.0,5.7,72.97500000000001
2023-01-08,6.0,1.45,8.69,58.0,15.1,8.85,20.5,0.15,9.85,43.67,1,0,1,11.65,1,Winter,1,13.9,0.0,8,3,14.149999999999999,0.049999999999999996,6.75,13.45,14.05,0.0,0.0,5.15,6.0,148.73499999999999
2023-01-09,6.0,0.92,5.52,0.0,16.25,12.7,20.45,1.0,7.9,27.86,0,0,0,7.75,1,Winter,1,15.1,0.15,8,3,15.083333333333334,0.3833333333333333,7.666666666666667,13.9,13.45,0.0,0.0,5.25,5.15,128.375
2023-01-10,12.0,17.04,204.42,62.5,15.0,9.55,20.25,0.0,6.85,55.23,1,0,0,10.7,1,Winter,1,16.25,1.0,9,3,15.449999999999998,0.3833333333333333,8.200000000000001,15.1,13.9,0.15,0.0,9.85,5.25,102.75
2023-01-11,3.0,2.75,8.25,32.0,15.95,10.9,19.15,0.0,5.15,54.47,1,0,0,8.25,1,Winter,1,15.0,0.0,10,3,15.733333333333333,0.3333333333333333,6.633333333333333,16.25,15.1,1.0,0.15,7.9,9.85,82.1425
2023-01-12,3.0,7.8,23.4,54.0,14.9,10.45,18.9,0.15,7.2,40.5,1,0,0,8.45,1,Winter,1,15.95,0.0,11,3,15.283333333333331,0.049999999999999996,6.3999999999999995,15.0,16.25,0.0,1.0,6.85,7.9,107.28
2023-01-13,6.0,2.47,14.83,55.0,13.85,8.45,19.2,0.0,5.25,52.11,1,0,0,10.75,1,Winter,1,14.9,0.15,12,3,14.899999999999999,0.049999999999999996,5.866666666666667,15.95,15.0,0.0,0.0,5.15,6.85,72.71249999999999
2023-01-14,4.0,1.02,4.06,0.0,13.8,9.0,18.0,0.0,6.85,53.82,1,0,0,9.0,1,Winter,1,13.85,0.0,13,3,14.183333333333332,0.049999999999999996,6.433333333333334,14.9,15.95,0.15,0.0,7.2,5.15,94.53
2023-01-15,11.0,3.82,41.97,54.33,13.6,7.85,18.2,0.0,5.35,51.92,1,0,0,10.35,1,Winter,1,13.8,0.0,14,3,13.75,0.0,5.816666666666666,13.85,14.9,0.0,0.15,5.25,7.2,72.75999999999999
2023-01-16,3.0,1.53,4.59,0.0,12.75,7.65,17.05,0.4,6.1,36.75,1,0,0,9.4,1,Winter,1,13.6,0.0,15,3,13.383333333333333,0.13333333333333333,6.1000000000000005,13.8,13.85,0.0,0.0,6.85,5.25,77.77499999999999
2023-01-17,5.0,4.3,21.49,60.0,13.55,7.95,17.1,0.15,14.75,47.27,1,0,1,9.15,1,Winter,1,12.75,0.4,16,3,13.299999999999999,0.18333333333333335,8.733333333333333,13.6,13.8,0.0,0.0,5.35,6.85,199.8625
2023-01-18,0.0,0.0,0.0,0.0,14.1,12.1,16.15,10.8,11.0,28.77,0,0,1,4.05,1,Winter,0,13.55,0.15,16,3,13.466666666666663,3.7833333333333337,10.616666666666667,12.75,13.6,0.4,0.0,6.1,5.35,155.1
2023-01-19,4.0,1.06,4.22,0.0,11.7,7.5,16.0,0.65,8.6,38.29,1,0,1,8.5,1,Winter,1,14.1,10.8,17,3,13.116666666666665,3.866666666666667,11.450000000000001,13.55,12.75,0.15,0.4,14.75,6.1,100.61999999999999
2023-01-20,7.0,1.38,9.63,0.0,12.9,7.05,17.7,0.0,6.9,52.81,1,0,0,10.65,1,Winter,1,11.7,0.65,18,3,12.899999999999999,3.816666666666667,8.833333333333334,14.1,13.55,10.8,0.15,11.0,14.75,89.01
2023-01-21,6.0,2.75,16.51,0.0,14.15,10.3,17.85,0.65,7.7,40.17,1,0,0,7.55,1,Winter,1,12.9,0.0,19,3,12.916666666666666,0.43333333333333335,7.733333333333333,11.7,14.1,0.65,10.8,8.6,11.0,108.955
2023-01-22,4.0,1.34,5.37,0.0,14.05,9.5,18.0,0.15,6.3,38.5,1,0,0,8.5,1,Winter,1,14.15,0.65,20,3,13.699999999999998,0.26666666666666666,6.966666666666666,12.9,11.7,0.0,0.65,6.9,8.6,88.515
2023-01-23,5.0,0.92,4.61,0.0,10.2,4.95,15.8,0.0,6.9,49.64,1,0,0,10.85,1,Winter,1,14.05,0.15,21,3,12.799999999999999,0.26666666666666666,6.966666666666666,14.15,12.9,0.65,0.0,7.7,6.9,70.38
2023-01-24,2.0,0.8,1.61,0.0,9.65,3.8,14.7,0.0,6.5,48.55,1,0,0,10.9,1,Winter,1,10.2,0.0,22,3,11.299999999999999,0.049999999999999996,6.566666666666667,14.05,14.15,0.15,0.65,6.3,7.7,62.725
2023-01-25,3.0,1.55,4.64,0.0,10.15,5.3,14.6,1.25,7.1,34.8,1,0,0,9.3,1,Winter,1,9.65,0.0,23,3,9.999999999999998,0.4166666666666667,6.833333333333333,10.2,14.05,0.0,0.15,6.9,6.3,72.065
2023-01-26,5.0,1.85,9.26,0.0,10.1,3.05,16.0,0.55,8.25,36.02,1,0,0,12.95,1,Winter,1,10.15,1.25,24,3,9.966666666666667,0.6,7.283333333333334,9.65,10.2,0.0,0.0,6.5,6.9,83.325
2023-01-27,2.0,2.05,4.1,0.0,11.7,8.35,14.6,13.45,10.1,24.95,0,0,1,6.25,1,Winter,1,10.1,0.55,24,3,10.649999999999999,5.083333333333333,8.483333333333333,10.15,9.65,1.25,0.0,7.1,6.5,118.16999999999999
2023-01-28,1.0,3.19,3.19,0.0,9.8,5.0,14.15,2.8,9.15,21.66,0,0,1,9.15,1,Winter,1,11.7,13.45,24,3,10.533333333333331,5.6000000000000005,9.166666666666666,10.1,10.15,0.55,1.25,8.25,7.1,89.67000000000002
2023-01-29,0.0,0.0,0.0,0.0,9.55,3.7,14.7,0.0,8.25,50.37,1,0,0,11.0,1,Winter,0,9.8,2.8,25,3,10.35,5.416666666666667,9.166666666666666,11.7,10.1,13.45,0.55,10.1,8.25,78.78750000000001
2023-01-30,7.0,2.81,19.66,0.0,10.5,3.5,15.9,0.0,5.9,48.88,1,0,0,12.4,1,Winter,1,9.55,0.0,26,3,9.950000000000001,0.9333333333333332,7.766666666666667,9.8,11.7,2.8,13.45,9.15,10.1,61.95
2023-01-31,15.0,2.91,43.68,37.5,12.75,5.75,19.3,0.0,7.7,53.52,1,0,0,13.55,1,Winter,1,10.5,0.0,27,3,10.933333333333332,0.0,7.283333333333334,9.55,9.8,0.0,2.8,8.25,9.15,98.175
2023-02-01,4.0,5.1,20.39,71.0,10.7,3.5,17.1,0.0,6.1,49.34,1,0,0,13.6,2,Winter,1,12.75,0.0,28,3,11.316666666666665,0.0,6.566666666666666,10.5,9.55,0.0,0.0,5.9,8.25,65.27
2023-02-02,10.0,2.51,25.11,61.0,10.45,4.05,17.5,0.0,8.5,51.7,1,0,1,13.45,2,Winter,1,10.7,0.0,29,3,11.299999999999999,0.0,7.433333333333333,12.75,10.5,0.0,0.0,7.7,5.9,88.82499999999999
2023-02-03,5.0,1.36,6.81,0.0,10.95,4.0,18.6,0.0,8.95,52.79,1,0,1,14.6,2,Winter,1,10.45,0.0,30,3,10.699999999999998,0.0,7.849999999999999,10.7,12.75,0.0,0.0,6.1,7.7,98.00249999999998
2023-02-04,6.0,5.17,31.0,0.0,10.8,3.15,17.5,0.0,8.2,51.78,1,0,0,14.35,2,Winter,1,10.95,0.0,31,3,10.733333333333333,0.0,8.549999999999999,10.45,10.7,0.0,0.0,8.5,6.1,88.56
2023-02-05,11.0,2.62,28.85,58.0,11.0,4.25,16.8,0.0,4.7,48.14,1,0,0,12.55,2,Winter,1,10.8,0.0,32,3,10.916666666666666,0.0,7.283333333333332,10.95,10.45,0.0,0.0,8.95,8.5,51.7
2023-02-06,12.0,3.37,40.39,0.0,11.15,4.9,16.85,0.0,5.75,49.48,1,0,0,11.95,2,Winter,1,11.0,0.0,33,3,10.983333333333333,0.0,6.216666666666666,10.8,10.95,0.0,0.0,8.2,8.95,64.1125
2023-02-07,2.0,2.24,4.48,0.0,11.95,6.5,17.5,0.15,7.05,36.86,1,0,0,11.0,2,Winter,1,11.15,0.0,34,3,11.366666666666665,0.049999999999999996,5.833333333333333,11.0,10.8,0.0,0.0,4.7,8.2,84.24749999999999
2023-02-08,2.0,2.44,4.87,0.0,13.45,8.2,17.5,0.0,11.9,59.0,1,0,1,9.3,2,Winter,1,11.95,0.15,35,3,12.183333333333332,0.049999999999999996,8.233333333333333,11.15,11.0,0.0,0.0,5.75,4.7,160.055
2023-02-09,8.0,7.31,58.47,66.0,13.8,8.45,19.3,0.0,7.7,54.76,1,0,0,10.85,2,Winter,1,13.45,0.0,36,3,13.066666666666665,0.049999999999999996,8.883333333333333,11.95,11.15,0.15,0.0,7.05,5.75,106.26
2023-02-10,0.0,0.0,0.0,0.0,14.15,10.15,17.0,0.05,12.2,45.15,1,0,1,6.85,2,Winter,0,13.8,0.0,37,3,13.799999999999999,0.016666666666666666,10.6,13.45,11.95,0.0,0.15,11.9,7.05,172.63
2023-02-11,10.0,1.72,17.21,0.0,16.35,10.85,21.7,0.0,9.15,59.36,1,0,1,10.85,2,Winter,1,14.15,0.05,38,3,14.766666666666666,0.016666666666666666,9.683333333333332,13.8,13.45,0.0,0.0,7.7,11.9,149.60250000000002
2023-02-12,5.0,1.84,9.21,0.0,17.25,12.0,22.55,0.0,9.75,61.09,1,0,1,10.55,2,Winter,1,16.35,0.0,39,3,15.916666666666666,0.016666666666666666,10.366666666666665,14.15,13.8,0.05,0.0,12.2,7.7,168.1875
2023-02-13,3.0,3.21,9.64,0.0,14.8,8.0,22.0,0.0,5.7,53.72,1,0,0,14.0,2,Winter,1,17.25,0.0,40,3,16.133333333333336,0.0,8.2,16.35,14.15,0.0,0.05,9.15,12.2,84.36000000000001
2023-02-14,0.0,0.0,0.0,0.0,16.75,12.15,20.4,2.05,8.25,43.84,1,0,0,8.25,2,Winter,0,14.8,0.0,41,3,16.266666666666666,0.6833333333333332,7.899999999999999,17.25,16.35,0.0,0.0,9.75,9.15,138.1875
2023-02-15,0.0,0.0,0.0,0.0,15.15,13.15,17.25,1.15,8.8,27.57,0,0,0,4.1,2,Winter,0,16.75,2.05,41,3,15.566666666666668,1.0666666666666667,7.583333333333333,14.8,17.25,0.0,0.0,5.7,9.75,133.32000000000002
2023-02-16,0.0,0.0,0.0,0.0,14.1,11.25,17.55,4.1,7.8,25.22,0,0,0,6.3,2,Winter,0,15.15,1.15,41,3,15.333333333333334,2.433333333333333,8.283333333333333,16.75,14.8,2.05,0.0,8.25,5.7,109.97999999999999
2023-02-17,0.0,0.0,0.0,0.0,15.95,11.8,19.8,0.0,6.1,55.52,1,0,0,8.0,2,Winter,0,14.1,4.1,42,3,15.066666666666668,1.7499999999999998,7.566666666666666,15.15,16.75,1.15,2.05,8.8,8.25,97.29499999999999
2023-02-18,1.0,2.2,2.2,0.0,16.75,10.4,22.65,0.0,5.95,56.29,1,0,0,12.25,2,Winter,1,15.95,0.0,43,3,15.6,1.3666666666666665,6.616666666666666,14.1,15.15,4.1,1.15,7.8,8.8,99.66250000000001
2023-02-19,3.0,11.45,34.36,0.0,17.35,12.3,22.6,0.0,6.05,57.11,1,0,0,10.3,2,Winter,1,16.75,0.0,44,3,16.683333333333334,0.0,6.033333333333332,15.95,14.1,0.0,4.1,6.1,7.8,104.9675
2023-02-20,2.0,0.55,1.1,0.0,16.75,11.2,23.35,0.15,6.05,41.4,1,0,0,12.15,2,Winter,1,17.35,0.0,45,3,16.95,0.049999999999999996,6.016666666666666,16.75,15.95,0.0,0.0,5.95,6.1,101.33749999999999
2023-02-21,14.0,5.82,81.43,59.67,14.9,9.85,19.6,0.0,6.8,55.06,1,0,0,9.75,2,Winter,1,16.75,0.15,46,3,16.333333333333332,0.049999999999999996,6.3,17.35,16.75,0.0,0.0,6.05,5.95,101.32
2023-02-22,11.0,10.91,120.01,82.0,15.4,11.4,18.85,0.0,7.5,56.42,1,0,0,7.45,2,Winter,1,14.9,0.0,47,3,15.683333333333332,0.049999999999999996,6.783333333333332,16.75,17.35,0.15,0.0,6.05,6.05,115.5
2023-02-23,1.0,1.11,1.11,0.0,13.7,9.55,18.0,0.25,9.7,41.86,1,0,1,8.45,2,Winter,1,15.4,0.0,48,3,14.666666666666666,0.08333333333333333,8.0,14.9,16.75,0.0,0.15,6.8,6.05,132.89
2023-02-24,0.0,0.0,0.0,0.0,13.3,9.4,15.75,0.15,8.75,40.33,1,0,1,6.35,2,Winter,0,13.7,0.25,49,3,14.133333333333335,0.13333333333333333,8.649999999999999,15.4,14.9,0.0,0.0,7.5,6.8,116.375
2023-02-25,3.0,2.34,7.03,0.0,12.3,7.35,16.15,8.1,15.95,32.13,0,0,1,8.8,2,Winter,1,13.3,0.15,49,3,13.1,2.8333333333333335,11.466666666666667,13.7,15.4,0.25,0.0,9.7,7.5,196.185
2023-02-26,0.0,0.0,0.0,0.0,13.9,11.4,17.3,26.9,11.6,29.19,0,0,1,5.9,2,Winter,0,12.3,8.1,49,3,13.166666666666666,11.716666666666667,12.1,13.3,13.7,0.15,0.25,8.75,9.7,161.24
2023-02-27,2.0,1.14,2.27,0.0,14.4,10.35,17.2,0.5,9.45,42.4,1,0,1,6.85,2,Winter,1,13.9,26.9,50,3,13.533333333333333,11.833333333333334,12.333333333333334,12.3,13.3,8.1,0.15,15.95,8.75,136.07999999999998
2023-02-28,0.0,0.0,0.0,0.0,14.1,11.0,16.65,5.2,12.05,29.93,0,0,1,5.65,2,Winter,0,14.4,0.5,50,3,14.133333333333333,10.866666666666667,11.033333333333331,13.9,12.3,26.9,8.1,11.6,15.95,169.905
2023-03-01,0.0,0.0,0.0,0.0,14.6,11.25,17.15,0.15,8.95,42.08,1,0,0,5.9,3,Spring,0,14.1,5.2,51,1,14.366666666666667,1.9500000000000002,10.149999999999999,14.4,13.9,0.5,26.9,9.45,11.6,130.67
2023-03-02,0.0,0.0,0.0,0.0,14.3,12.0,16.4,1.25,7.95,40.62,1,0,0,4.4,3,Spring,0,14.6,0.15,52,1,14.333333333333334,2.1999999999999997,9.65,14.1,14.4,5.2,0.5,12.05,9.45,113.685
2023-03-03,1.0,1.07,1.07,0.0,14.5,10.8,17.9,2.65,8.75,41.75,1,0,0,7.1,3,Spring,1,14.3,1.25,53,1,14.466666666666667,1.3499999999999999,8.549999999999999,14.6,14.1,0.15,5.2,8.95,12.05,126.875
2023-03-04,2.0,0.71,1.42,0.0,12.8,6.35,17.3,0.0,6.2,51.92,1,0,0,10.95,3,Spring,1,14.5,2.65,54,1,13.866666666666667,1.3,7.633333333333332,14.3,14.6,1.25,0.15,7.95,8.95,79.36000000000001
2023-03-05,7.0,2.87,20.07,53.0,13.8,6.85,19.15,0.0,5.1,51.88,1,0,0,12.3,3,Spring,1,12.8,0.0,55,1,13.700000000000001,0.8833333333333333,6.683333333333333,14.5,14.3,2.65,1.25,8.75,7.95,70.38
2023-03-06,6.0,1.3,7.81,0.0,16.35,9.4,20.55,0.0,9.05,59.25,1,0,0,11.15,3,Spring,1,13.8,0.0,56,1,14.316666666666668,0.0,6.783333333333332,12.8,14.5,0.0,2.65,6.2,8.75,147.96750000000003
2023-03-07,2.0,5.45,10.9,22.0,17.45,13.25,21.25,0.0,8.65,60.11,1,0,0,8.0,3,Spring,1,16.35,0.0,57,1,15.866666666666667,0.0,7.599999999999999,13.8,12.8,0.0,0.0,5.1,6.2,150.9425
2023-03-08,3.0,0.93,2.78,0.0,15.15,10.75,19.5,0.0,5.15,53.52,1,0,0,8.75,3,Spring,1,17.45,0.0,58,1,16.316666666666666,0.0,7.616666666666666,16.35,13.8,0.0,0.0,9.05,5.1,78.02250000000001
2023-03-09,4.0,0.97,3.87,0.0,16.45,11.0,22.0,0.0,5.45,55.39,1,0,0,11.0,3,Spring,1,15.15,0.0,59,1,16.349999999999998,0.0,6.416666666666665,17.45,16.35,0.0,0.0,8.65,9.05,89.6525
2023-03-10,15.0,1.45,21.81,0.0,16.6,12.0,21.15,0.0,11.7,62.48,1,0,1,9.15,3,Spring,1,16.45,0.0,60,1,16.066666666666666,0.0,7.433333333333333,15.15,17.45,0.0,0.0,5.15,8.65,194.22
2023-03-11,18.0,4.03,72.51,0.0,15.7,10.7,19.75,0.0,9.9,59.43,1,0,1,9.05,3,Spring,1,16.6,0.0,61,1,16.25,0.0,9.016666666666666,16.45,15.15,0.0,0.0,5.45,5.15,155.43
2023-03-12,17.0,1.85,31.52,0.0,16.4,11.45,24.0,0.15,8.15,43.32,1,0,0,12.55,3,Spring,1,15.7,0.0,62,1,16.233333333333334,0.049999999999999996,9.916666666666664,16.6,16.45,0.0,0.0,11.7,5.45,133.66
2023-03-13,6.0,4.82,28.9,0.0,15.95,11.15,21.5,0.0,6.4,55.85,1,0,0,10.35,3,Spring,1,16.4,0.15,63,1,16.016666666666666,0.049999999999999996,8.149999999999999,15.7,16.6,0.0,0.0,9.9,11.7,102.08
2023-03-14,10.0,8.18,81.75,61.33,16.2,11.85,20.2,0.0,12.2,62.56,1,0,1,8.35,3,Spring,1,15.95,0.0,64,1,16.183333333333334,0.049999999999999996,8.916666666666664,16.4,15.7,0.15,0.0,8.15,9.9,197.64
2023-03-15,13.0,1.67,21.67,0.0,15.25,7.7,20.8,0.0,6.45,55.08,1,0,0,13.1,3,Spring,1,16.2,0.0,65,1,15.800000000000002,0.0,8.35,15.95,16.4,0.0,0.15,6.4,8.15,98.3625
2023-03-16,16.0,3.53,56.46,0.0,14.8,8.2,20.1,0.0,8.2,56.49,1,0,0,11.9,3,Spring,1,15.25,0.0,66,1,15.416666666666666,0.0,8.949999999999998,16.2,15.95,0.0,0.0,12.2,6.4,121.36
2023-03-17,1.0,1.38,1.38,0.0,16.3,12.1,19.2,0.0,7.4,57.37,1,0,0,7.1,3,Spring,1,14.8,0.0,67,1,15.450000000000001,0.0,7.349999999999999,15.25,16.2,0.0,0.0,6.45,12.2,120.62
2023-03-18,0.0,0.0,0.0,0.0,15.7,11.85,18.55,0.3,8.05,42.38,1,0,0,6.7,3,Spring,0,16.3,0.0,68,1,15.6,0.09999999999999999,7.883333333333333,14.8,15.25,0.0,0.0,8.2,6.45,126.385
2023-03-19,3.0,0.68,2.04,0.0,14.7,8.0,19.25,0.0,9.1,57.37,1,0,1,11.25,3,Spring,1,15.7,0.3,69,1,15.566666666666668,0.09999999999999999,8.183333333333332,16.3,14.8,0.0,0.0,7.4,8.2,133.76999999999998
2023-03-20,11.0,1.74,19.12,0.0,17.1,8.45,23.3,0.0,13.25,64.79,1,0,1,14.85,3,Spring,1,14.7,0.0,70,1,15.833333333333334,0.09999999999999999,10.133333333333333,15.7,16.3,0.3,0.0,8.05,7.4,226.57500000000002
2023-03-21,5.0,2.58,12.92,0.0,15.6,9.0,20.65,0.0,6.95,56.05,1,0,0,11.65,3,Spring,1,17.1,0.0,71,1,15.799999999999999,0.0,9.766666666666664,14.7,15.7,0.0,0.3,9.1,8.05,108.42
2023-03-22,8.0,0.85,6.79,0.0,15.8,9.5,21.4,0.0,6.15,55.4,1,0,0,11.9,3,Spring,1,15.6,0.0,72,1,16.166666666666668,0.0,8.783333333333333,17.1,14.7,0.0,0.0,13.25,9.1,97.17000000000002
2023-03-23,4.0,6.54,26.16,56.0,16.65,9.4,21.85,0.0,6.65,56.95,1,0,0,12.45,3,Spring,1,15.8,0.0,73,1,16.016666666666666,0.0,6.583333333333332,15.6,17.1,0.0,0.0,6.95,13.25,110.7225
2023-03-24,9.0,3.79,34.13,100.0,15.6,9.25,20.0,0.0,9.9,59.31,1,0,1,10.75,3,Spring,1,16.65,0.0,74,1,16.016666666666666,0.0,7.566666666666666,15.8,15.6,0.0,0.0,6.15,6.95,154.44
2023-03-25,18.0,3.55,63.88,100.0,15.5,10.0,21.0,0.0,9.2,58.42,1,0,1,11.0,3,Spring,1,15.6,0.0,75,1,15.916666666666666,0.0,8.583333333333332,16.65,15.8,0.0,0.0,6.65,6.15,142.6
2023-03-26,10.0,1.61,16.09,0.0,16.1,10.9,21.5,0.0,8.25,58.07,1,0,1,10.6,3,Spring,1,15.5,0.0,76,1,15.733333333333334,0.0,9.116666666666665,15.6,16.65,0.0,0.0,9.9,6.65,132.82500000000002
2023-03-27,7.0,6.29,44.03,0.0,16.25,10.3,24.55,0.0,6.75,56.59,1,0,0,14.25,3,Spring,1,16.1,0.0,77,1,15.950000000000001,0.0,8.066666666666665,15.5,15.6,0.0,0.0,9.2,9.9,109.6875
2023-03-28,8.0,0.96,7.72,0.0,16.75,9.3,23.3,0.0,6.3,56.68,1,0,0,14.0,3,Spring,1,16.25,0.0,78,1,16.366666666666667,0.0,7.099999999999999,16.1,15.5,0.0,0.0,8.25,9.2,105.52499999999999
2023-03-29,10.0,3.33,33.32,0.0,19.35,10.5,26.15,0.0,5.05,58.36,1,0,0,15.65,3,Spring,1,16.75,0.0,79,1,17.45,0.0,6.033333333333331,16.25,16.1,0.0,0.0,6.75,8.25,97.7175
2023-03-30,9.0,1.97,17.74,0.0,19.6,12.4,28.55,0.0,7.65,61.53,1,0,0,16.15,3,Spring,1,19.35,0.0,80,1,18.566666666666666,0.0,6.333333333333332,16.75,16.25,0.0,0.0,6.3,6.75,149.94000000000003
2023-03-31,17.0,1.34,22.81,0.0,16.45,11.05,22.0,0.0,9.85,60.26,1,0,1,10.95,3,Spring,1,19.6,0.0,81,1,18.46666666666667,0.0,7.516666666666666,19.35,16.75,0.0,0.0,5.05,6.3,162.0325
2023-04-01,8.0,2.29,18.35,0.0,17.75,11.85,21.35,0.0,10.65,62.67,1,0,1,9.5,4,Spring,1,16.45,0.0,82,1,17.933333333333334,0.0,9.383333333333333,19.6,19.35,0.0,0.0,7.65,5.05,189.0375
2023-04-02,10.0,1.36,13.63,0.0,17.1,11.8,21.15,0.0,10.4,61.63,1,0,1,9.35,4,Spring,1,17.75,0.0,83,1,17.099999999999998,0.0,10.299999999999999,16.45,19.6,0.0,0.0,9.85,7.65,177.84000000000003
2023-04-03,10.0,1.73,17.29,0.0,16.85,10.05,20.95,0.0,8.2,58.9,1,0,1,10.9,4,Spring,1,17.1,0.0,84,1,17.233333333333334,0.0,9.749999999999998,17.75,16.45,0.0,0.0,10.65,9.85,138.17
2023-04-04,7.0,1.71,11.99,0.0,15.4,11.4,19.1,4.2,9.5,28.63,0,0,0,7.7,4,Spring,1,16.85,0.0,84,1,16.45,1.4000000000000001,9.366666666666665,17.1,17.75,0.0,0.0,10.4,10.65,146.3
2023-04-05,29.0,17.4,504.71,78.25,18.9,12.4,25.3,3.15,21.95,46.53,0,0,1,12.9,4,Spring,1,15.4,4.2,84,1,17.05,2.4499999999999997,13.216666666666667,16.85,17.1,0.0,0.0,8.2,10.4,414.85499999999996
2023-04-06,10.0,32.48,324.76,78.5,19.0,13.1,23.5,0.0,9.3,62.65,1,0,1,10.4,4,Spring,1,18.9,3.15,85,1,17.766666666666666,2.4499999999999997,13.583333333333334,15.4,16.85,4.2,0.0,9.5,8.2,176.70000000000002
2023-04-07,59.0,29.25,1725.99,81.67,17.4,10.9,22.15,0.0,6.4,57.56,1,0,0,11.25,4,Spring,1,19.0,0.0,86,1,18.433333333333334,1.05,12.549999999999999,18.9,15.4,3.15,4.2,21.95,9.5,111.36
2023-04-08,17.0,16.11,273.84,74.5,18.7,11.75,25.0,0.0,7.55,60.36,1,0,0,13.25,4,Spring,1,17.4,0.0,87,1,18.366666666666664,0.0,7.75,19.0,18.9,0.0,3.15,9.3,21.95,141.185
2023-04-09,8.0,12.1,96.84,26.0,21.2,14.25,26.4,0.25,9.8,50.79,1,0,1,12.15,4,Spring,1,18.7,0.0,88,1,19.099999999999998,0.08333333333333333,7.916666666666667,17.4,19.0,0.0,0.0,6.4,9.3,207.76000000000002
2023-04-10,20.0,7.52,150.45,58.5,18.35,12.6,22.75,0.25,6.7,44.01,1,0,0,10.15,4,Spring,1,21.2,0.25,89,1,19.416666666666668,0.16666666666666666,8.016666666666667,18.7,17.4,0.0,0.0,7.55,6.4,122.94500000000001
2023-04-11,11.0,1.94,21.3,0.0,17.05,11.15,23.5,0.0,6.3,57.03,1,0,0,12.35,4,Spring,1,18.35,0.25,90,1,18.866666666666664,0.16666666666666666,7.6000000000000005,21.2,18.7,0.25,0.0,9.8,7.55,107.415
2023-04-12,11.0,1.95,21.45,66.0,16.6,11.5,21.0,0.0,8.45,58.88,1,0,0,9.5,4,Spring,1,17.05,0.0,91,1,17.333333333333332,0.08333333333333333,7.1499999999999995,18.35,21.2,0.25,0.25,6.7,9.8,140.27
2023-04-13,6.0,3.86,23.19,0.0,16.15,10.5,18.75,0.0,12.15,62.45,1,0,1,8.25,4,Spring,1,16.6,0.0,92,1,16.599999999999998,0.0,8.966666666666667,17.05,18.35,0.0,0.25,6.3,6.7,196.2225
2023-04-14,22.0,10.58,232.69,69.0,15.6,7.4,20.25,0.0,11.25,60.81,1,0,1,12.85,4,Spring,1,16.15,0.0,93,1,16.116666666666667,0.0,10.616666666666667,16.6,17.05,0.0,0.0,8.45,6.3,175.5
2023-04-15,19.0,2.55,48.52,39.5,16.9,9.85,21.9,0.0,10.15,61.12,1,0,1,12.05,4,Spring,1,15.6,0.0,94,1,16.216666666666665,0.0,11.183333333333332,16.15,16.6,0.0,0.0,12.15,8.45,171.535
2023-04-16,14.0,4.61,64.49,74.0,18.8,10.0,24.8,0.0,8.8,61.86,1,0,0,14.8,4,Spring,1,16.9,0.0,95,1,17.099999999999998,0.0,10.066666666666668,15.6,16.15,0.0,0.0,11.25,12.15,165.44000000000003
2023-04-17,8.0,2.17,17.4,66.0,19.45,11.4,25.9,0.0,7.25,60.91,1,0,0,14.5,4,Spring,1,18.8,0.0,96,1,18.38333333333333,0.0,8.733333333333334,16.9,15.6,0.0,0.0,10.15,11.25,141.0125
2023-04-18,6.0,1.11,6.67,0.0,18.3,12.55,23.05,0.0,8.05,60.44,1,0,0,10.5,4,Spring,1,19.45,0.0,97,1,18.849999999999998,0.0,8.033333333333333,18.8,16.9,0.0,0.0,8.8,10.15,147.31500000000003
2023-04-19,1.0,0.15,0.15,0.0,18.7,17.1,21.0,0.85,14.55,38.11,0,0,1,3.9,4,Spring,1,18.3,0.0,97,1,18.816666666666666,0.2833333333333333,9.950000000000001,19.45,18.8,0.0,0.0,7.25,8.8,272.085
2023-04-20,0.0,0.0,0.0,0.0,18.55,16.25,21.05,0.05,13.35,51.6,1,0,1,4.8,4,Spring,0,18.7,0.85,98,1,18.516666666666666,0.3,11.983333333333334,18.3,19.45,0.0,0.0,8.05,7.25,247.6425
2023-04-21,6.0,0.76,4.59,0.0,17.8,13.4,21.5,0.2,8.2,45.02,1,0,0,8.1,4,Spring,1,18.55,0.05,99,1,18.349999999999998,0.3666666666666667,12.033333333333333,18.7,18.3,0.85,0.0,14.55,8.05,145.95999999999998
2023-04-22,2.0,0.49,0.98,0.0,18.15,11.0,22.5,0.0,9.8,62.2,1,0,1,11.5,4,Spring,1,17.8,0.2,100,1,18.166666666666668,0.08333333333333333,10.450000000000001,18.55,18.7,0.05,0.85,13.35,14.55,177.87
2023-04-23,1.0,1.49,1.49,0.0,18.9,14.25,21.85,0.0,12.35,65.91,1,0,1,7.6,4,Spring,1,18.15,0.0,101,1,18.28333333333333,0.06666666666666667,10.116666666666665,17.8,18.55,0.2,0.05,8.2,13.35,233.41499999999996
2023-04-24,12.0,1.08,12.9,0.0,19.25,11.55,24.35,0.0,8.4,61.95,1,0,0,12.8,4,Spring,1,18.9,0.0,102,1,18.766666666666666,0.0,10.183333333333332,18.15,17.8,0.0,0.2,9.8,8.2,161.70000000000002
2023-04-25,3.0,5.68,17.04,49.0,20.8,11.6,27.35,0.0,7.35,62.61,1,0,0,15.75,4,Spring,1,19.25,0.0,103,1,19.65,0.0,9.366666666666667,18.9,18.15,0.0,0.0,12.35,9.8,152.88
2023-04-26,9.0,3.08,27.72,74.0,24.75,13.8,32.5,0.0,7.9,67.86,1,1,0,18.7,4,Spring,1,20.8,0.0,104,1,21.599999999999998,0.0,7.883333333333333,19.25,18.9,0.0,0.0,8.4,12.35,195.525
2023-04-27,11.0,37.91,416.99,83.67,23.9,17.2,30.85,0.0,7.8,66.75,1,1,0,13.65,4,Spring,1,24.75,0.0,105,1,23.149999999999995,0.0,7.683333333333334,20.8,19.25,0.0,0.0,7.35,8.4,186.42
2023-04-28,7.0,1.49,10.45,0.0,21.35,17.3,25.55,0.0,9.9,66.08,1,0,1,8.25,4,Spring,1,23.9,0.0,106,1,23.333333333333332,0.0,8.533333333333333,24.75,20.8,0.0,0.0,7.9,7.35,211.365
2023-04-29,9.0,29.81,268.3,68.0,21.6,18.15,25.45,0.0,10.2,66.7,1,0,1,7.3,4,Spring,1,21.35,0.0,107,1,22.28333333333333,0.0,9.299999999999999,23.9,24.75,0.0,0.0,7.8,7.9,220.32
2023-04-30,6.0,6.06,36.35,79.0,19.6,15.05,22.8,0.0,8.4,62.36,1,0,1,7.75,4,Spring,1,21.6,0.0,108,1,20.849999999999998,0.0,9.5,21.35,23.9,0.0,0.0,9.9,7.8,164.64000000000001
2023-05-01,10.0,2.24,22.36,0.0,19.6,13.1,22.95,0.0,8.6,62.58,1,0,0,9.85,5,Spring,1,19.6,0.0,109,1,20.26666666666667,0.0,9.066666666666665,21.6,21.35,0.0,0.0,10.2,9.9,168.56
2023-05-02,11.0,2.4,26.4,72.0,21.2,14.0,27.15,0.0,5.85,61.42,1,1,0,13.15,5,Spring,1,19.6,0.0,110,1,20.133333333333336,0.0,7.616666666666666,19.6,21.6,0.0,0.0,8.4,10.2,124.01999999999998
2023-05-03,6.0,1.28,7.67,0.0,21.5,15.5,25.75,0.0,9.25,65.53,1,0,1,10.25,5,Spring,1,21.2,0.0,111,1,20.766666666666666,0.0,7.899999999999999,19.6,19.6,0.0,0.0,8.6,8.4,198.875
2023-05-04,2.0,4.69,9.38,42.0,19.85,16.6,23.2,0.0,10.8,65.31,1,0,1,6.6,5,Spring,1,21.5,0.0,112,1,20.849999999999998,0.0,8.633333333333333,21.2,19.6,0.0,0.0,5.85,8.6,214.38000000000002
2023-05-05,10.0,1.32,13.16,0.0,19.3,14.0,22.8,0.0,10.15,63.94,1,0,1,8.8,5,Spring,1,19.85,0.0,113,1,20.216666666666665,0.0,10.066666666666665,21.5,21.2,0.0,0.0,9.25,5.85,195.895
2023-05-06,11.0,1.66,18.24,60.0,19.25,13.4,22.35,0.0,8.8,62.39,1,0,1,8.95,5,Spring,1,19.3,0.0,114,1,19.466666666666665,0.0,9.916666666666666,19.85,21.5,0.0,0.0,10.8,9.25,169.4
2023-05-07,9.0,1.91,17.17,0.0,19.95,16.0,23.0,0.35,12.45,37.25,0,0,1,7.0,5,Spring,1,19.25,0.0,114,1,19.5,0.11666666666666665,10.466666666666667,19.3,19.85,0.0,0.0,10.15,10.8,248.37749999999997
2023-05-08,9.0,4.08,36.7,0.0,20.65,12.6,25.95,0.0,10.25,65.64,1,0,1,13.35,5,Spring,1,19.95,0.35,115,1,19.95,0.11666666666666665,10.5,19.25,19.3,0.0,0.0,8.8,10.15,211.6625
2023-05-09,7.0,4.22,29.57,60.0,20.6,14.25,24.55,0.0,8.75,63.92,1,0,0,10.3,5,Spring,1,20.65,0.0,116,1,20.400000000000002,0.11666666666666665,10.483333333333333,19.95,19.25,0.35,0.0,12.45,8.8,180.25
2023-05-10,5.0,2.55,12.77,0.0,20.55,15.4,24.65,0.0,10.0,65.25,1,0,1,9.25,5,Spring,1,20.6,0.0,117,1,20.599999999999998,0.0,9.666666666666666,20.65,19.95,0.0,0.35,10.25,12.45,205.5
2023-05-11,10.0,6.82,68.23,59.0,19.35,13.05,23.0,0.0,9.0,62.73,1,0,1,9.95,5,Spring,1,20.55,0.0,118,1,20.166666666666668,0.0,9.25,20.6,20.65,0.0,0.0,8.75,10.25,174.15
2023-05-12,7.0,1.85,12.92,0.0,19.2,12.6,23.75,0.0,10.15,63.82,1,0,1,11.15,5,Spring,1,19.35,0.0,119,1,19.7,0.0,9.716666666666667,20.55,20.6,0.0,0.0,10.0,8.75,194.88
2023-05-13,8.0,1.32,10.57,0.0,19.55,13.65,23.1,0.0,12.4,66.73,1,0,1,9.45,5,Spring,1,19.2,0.0,120,1,19.366666666666667,0.0,10.516666666666666,19.35,20.55,0.0,0.0,9.0,10.0,242.42000000000002
2023-05-14,10.0,6.98,69.76,69.0,19.8,12.45,24.4,0.0,10.3,64.7,1,0,1,11.95,5,Spring,1,19.55,0.0,121,1,19.516666666666666,0.0,10.950000000000001,19.2,19.35,0.0,0.0,10.15,9.0,203.94000000000003
2023-05-15,16.0,1.1,17.58,0.0,18.8,11.15,22.85,0.0,9.5,62.63,1,0,1,11.7,5,Spring,1,19.8,0.0,122,1,19.383333333333333,0.0,10.733333333333334,19.55,19.2,0.0,0.0,12.4,10.15,178.6
2023-05-16,12.0,4.13,49.51,63.0,18.65,12.8,22.1,0.0,8.75,61.63,1,0,1,9.3,5,Spring,1,18.8,0.0,123,1,19.083333333333332,0.0,9.516666666666666,19.8,19.55,0.0,0.0,10.3,12.4,163.1875
2023-05-17,0.0,0.0,0.0,0.0,19.9,17.2,23.0,3.1,14.7,54.68,1,0,1,5.8,5,Spring,0,18.65,0.0,124,1,19.116666666666664,1.0333333333333334,10.983333333333333,18.8,19.8,0.0,0.0,9.5,10.3,292.53
2023-05-18,6.0,0.71,4.27,0.0,17.65,13.25,22.05,8.0,10.05,31.89,0,0,1,8.8,5,Spring,1,19.9,3.1,124,1,18.73333333333333,3.6999999999999997,11.166666666666666,18.65,18.8,0.0,0.0,8.75,9.5,177.3825
2023-05-19,4.0,1.06,4.24,0.0,18.6,13.0,22.7,0.0,8.65,61.46,1,0,0,9.7,5,Spring,1,17.65,8.0,125,1,18.716666666666665,3.6999999999999997,11.133333333333333,19.9,18.65,3.1,0.0,14.7,8.75,160.89000000000001
2023-05-20,7.0,2.73,19.13,0.0,18.4,11.9,22.1,0.0,8.3,60.84,1,0,1,10.2,5,Spring,1,18.6,0.0,126,1,18.216666666666665,2.6666666666666665,9.0,17.65,19.9,8.0,3.1,10.05,14.7,152.72
2023-05-21,1.0,0.68,0.68,0.0,17.35,14.8,20.85,6.75,13.05,34.86,0,0,1,6.05,5,Spring,1,18.4,0.0,126,1,18.116666666666667,2.25,10.0,18.6,17.65,0.0,8.0,8.65,10.05,226.41750000000002
2023-05-22,0.0,0.0,0.0,0.0,18.0,13.8,21.35,8.25,10.85,33.19,0,0,1,7.55,5,Spring,0,17.35,6.75,126,1,17.916666666666668,5.0,10.733333333333334,18.4,18.6,0.0,0.0,8.3,8.65,195.29999999999998
2023-05-23,6.0,1.11,6.67,0.0,18.5,14.55,21.6,2.85,11.25,34.22,0,0,1,7.05,5,Spring,1,18.0,8.25,126,1,17.95,5.95,11.716666666666667,17.35,18.4,6.75,0.0,13.05,8.3,208.125
2023-05-24,3.0,2.21,6.64,0.0,19.4,14.5,22.65,0.0,10.45,64.39,1,0,1,8.15,5,Spring,1,18.5,2.85,127,1,18.633333333333333,3.6999999999999997,10.85,18.0,17.35,8.25,6.75,10.85,13.05,202.72999999999996
2023-05-25,2.0,0.48,0.95,0.0,19.65,14.15,23.05,0.0,9.0,63.08,1,0,0,8.9,5,Spring,1,19.4,0.0,128,1,19.18333333333333,0.9500000000000001,10.233333333333333,18.5,18.0,2.85,8.25,11.25,10.85,176.85
2023-05-26,2.0,1.87,3.74,0.0,20.3,14.95,23.4,0.45,9.0,48.85,1,0,1,8.45,5,Spring,1,19.65,0.0,129,1,19.78333333333333,0.15,9.483333333333333,19.4,18.5,0.0,2.85,10.45,11.25,182.70000000000002
2023-05-27,2.0,1.82,3.65,0.0,20.55,18.35,22.65,1.25,7.7,32.7,0,0,0,4.3,5,Spring,1,20.3,0.45,129,1,20.166666666666664,0.5666666666666667,8.566666666666666,19.65,19.4,0.0,0.0,9.0,10.45,158.235
2023-05-28,3.0,1.89,5.66,0.0,20.25,15.8,23.2,0.0,8.7,63.45,1,0,1,7.4,5,Spring,1,20.55,1.25,130,1,20.366666666666664,0.5666666666666667,8.466666666666667,20.3,19.65,0.45,0.0,9.0,9.0,176.17499999999998
2023-05-29,6.0,0.74,4.44,0.0,20.05,14.0,23.25,0.0,9.3,63.88,1,0,1,9.25,5,Spring,1,20.25,0.0,131,1,20.28333333333333,0.4166666666666667,8.566666666666666,20.55,20.3,1.25,0.45,7.7,9.0,186.46500000000003
2023-05-30,4.0,2.86,11.43,58.0,19.9,15.15,23.5,0.2,9.15,48.54,1,0,1,8.35,5,Spring,1,20.05,0.0,132,1,20.066666666666666,0.06666666666666667,9.049999999999999,20.25,20.55,0.0,1.25,8.7,7.7,182.085
2023-05-31,13.0,6.15,79.92,26.0,20.45,14.95,24.1,0.0,11.0,66.24,1,0,1,9.15,5,Spring,1,19.9,0.2,133,1,20.133333333333333,0.06666666666666667,9.816666666666668,20.05,20.25,0.0,0.0,9.3,8.7,224.95
2023-06-01,10.0,3.48,34.8,37.0,20.55,15.55,24.15,0.0,8.35,63.42,1,0,0,8.6,6,Summer,1,20.45,0.0,134,2,20.299999999999997,0.06666666666666667,9.5,19.9,20.05,0.2,0.0,9.15,9.3,171.5925
2023-06-02,3.0,3.6,10.79,0.0,20.9,16.0,24.05,0.0,8.8,64.33,1,0,0,8.05,6,Summer,1,20.55,0.0,135,2,20.63333333333333,0.0,9.383333333333335,20.45,19.9,0.0,0.2,11.0,9.15,183.92000000000002
2023-06-03,11.0,2.1,23.11,0.0,21.05,15.9,24.1,0.05,9.2,49.95,1,0,1,8.2,6,Summer,1,20.9,0.0,136,2,20.833333333333332,0.016666666666666666,8.783333333333333,20.55,20.45,0.0,0.0,8.35,11.0,193.66
2023-06-04,1.0,0.66,0.66,0.0,21.5,17.45,24.2,0.0,8.9,65.15,1,0,1,6.75,6,Summer,1,21.05,0.05,137,2,21.15,0.016666666666666666,8.966666666666667,20.9,20.55,0.0,0.0,8.8,8.35,191.35
2023-06-05,9.0,5.79,52.13,0.0,21.25,16.65,24.3,0.0,8.55,64.46,1,0,0,7.65,6,Summer,1,21.5,0.0,138,2,21.266666666666666,0.016666666666666666,8.883333333333333,21.05,20.9,0.05,0.0,9.2,8.8,181.68750000000003
2023-06-06,3.0,0.56,1.67,0.0,22.1,19.05,25.5,0.2,7.3,49.08,1,0,0,6.45,6,Summer,1,21.25,0.0,139,2,21.616666666666664,0.06666666666666667,8.25,21.5,21.05,0.0,0.05,8.9,9.2,161.33
2023-06-07,4.0,5.57,22.27,0.0,24.3,21.25,26.5,0.35,9.35,53.94,1,1,1,5.25,6,Summer,1,22.1,0.2,140,2,22.55,0.18333333333333335,8.4,21.25,21.5,0.0,0.0,8.55,8.9,227.20499999999998
2023-06-08,1.0,0.35,0.35,0.0,22.25,19.9,24.95,4.95,12.45,39.96,0,0,1,5.05,6,Summer,1,24.3,0.35,140,2,22.883333333333336,1.8333333333333333,9.700000000000001,22.1,21.25,0.2,0.0,7.3,8.55,277.0125
2023-06-09,1.0,0.71,0.71,0.0,22.0,17.65,25.0,0.0,11.5,68.61,1,0,1,7.35,6,Summer,1,22.25,4.95,141,2,22.849999999999998,1.7666666666666666,11.1,24.3,22.1,0.35,0.2,9.35,7.3,253.0
2023-06-10,11.0,2.63,28.95,0.0,21.45,17.2,25.0,0.0,8.5,64.64,1,0,0,7.8,6,Summer,1,22.0,0.0,142,2,21.899999999999995,1.6500000000000001,10.816666666666668,22.25,24.3,4.95,0.35,12.45,9.35,182.325
2023-06-11,17.0,5.14,87.4,67.2,21.95,16.9,24.6,0.0,10.0,66.89,1,1,1,7.7,6,Summer,1,21.45,0.0,143,2,21.799999999999997,0.0,10.0,22.0,22.25,0.0,4.95,11.5,12.45,219.5
2023-06-12,7.0,4.39,30.73,0.0,21.1,15.85,24.8,0.0,8.3,64.01,1,0,0,8.95,6,Summer,1,21.95,0.0,144,2,21.5,0.0,8.933333333333335,21.45,22.0,0.0,0.0,8.5,11.5,175.13000000000002
2023-06-13,10.0,0.93,9.26,0.0,21.65,18.15,24.4,2.8,10.65,37.26,0,0,1,6.25,6,Summer,1,21.1,0.0,144,2,21.566666666666663,0.9333333333333332,9.65,21.95,21.45,0.0,0.0,10.0,8.5,230.5725
2023-06-14,7.0,1.4,9.8,0.0,21.35,17.3,24.75,0.0,12.85,69.34,1,0,1,7.45,6,Summer,1,21.65,2.8,145,2,21.366666666666664,0.9333333333333332,10.600000000000001,21.1,21.95,0.0,0.0,8.3,10.0,274.3475
2023-06-15,6.0,2.08,12.46,0.0,23.05,16.5,27.4,0.0,8.95,67.03,1,1,1,10.9,6,Summer,1,21.35,0.0,146,2,22.016666666666666,0.9333333333333332,10.816666666666668,21.65,21.1,2.8,0.0,10.65,8.3,206.29749999999999
2023-06-16,6.0,6.35,38.11,84.0,24.35,19.4,29.0,0.0,9.9,69.61,1,1,1,9.6,6,Summer,1,23.05,0.0,147,2,22.916666666666668,0.0,10.566666666666668,21.35,21.65,0.0,2.8,12.85,10.65,241.06500000000003
2023-06-17,5.0,0.67,3.33,0.0,24.25,21.3,26.45,0.0,14.85,74.97,1,1,1,5.15,6,Summer,1,24.35,0.0,148,2,23.883333333333336,0.0,11.233333333333334,23.05,21.35,0.0,0.0,8.95,12.85,360.1125
2023-06-18,8.0,2.75,21.99,0.0,23.3,21.35,25.45,0.7,12.55,56.3,1,1,1,4.1,6,Summer,1,24.25,0.0,149,2,23.96666666666667,0.2333333333333333,12.433333333333335,24.35,23.05,0.0,0.0,9.9,8.95,292.415
2023-06-19,4.0,0.86,3.45,0.0,22.65,19.75,25.25,0.0,9.4,67.05,1,0,1,5.5,6,Summer,1,23.3,0.7,150,2,23.399999999999995,0.2333333333333333,12.266666666666667,24.25,24.35,0.0,0.0,14.85,9.9,212.91
2023-06-20,4.0,8.2,32.78,0.0,22.95,20.5,25.5,0.4,9.8,52.85,1,0,1,5.0,6,Summer,1,22.65,0.0,151,2,22.966666666666665,0.3666666666666667,10.583333333333334,23.3,24.25,0.7,0.0,12.55,14.85,224.91
2023-06-21,16.0,6.08,97.27,67.0,22.75,17.1,25.65,0.0,8.05,65.68,1,1,1,8.55,6,Summer,1,22.95,0.4,152,2,22.78333333333333,0.13333333333333333,9.083333333333334,22.65,23.3,0.0,0.7,9.4,12.55,183.13750000000002
2023-06-22,6.0,2.02,12.11,0.0,22.75,18.75,26.05,0.0,12.65,70.77,1,1,1,7.3,6,Summer,1,22.75,0.0,153,2,22.816666666666663,0.13333333333333333,10.166666666666666,22.95,22.65,0.4,0.0,9.8,9.4,287.7875
2023-06-23,11.0,1.65,18.12,0.0,24.75,18.9,28.25,0.0,8.0,67.97,1,1,0,9.35,6,Summer,1,22.75,0.0,154,2,23.416666666666668,0.0,9.566666666666668,22.75,22.95,0.0,0.4,8.05,9.8,198.0
2023-06-24,9.0,14.37,129.29,0.0,25.6,20.0,29.05,0.0,8.35,69.36,1,1,1,9.05,6,Summer,1,24.75,0.0,155,2,24.366666666666664,0.0,9.666666666666666,22.75,22.75,0.0,0.0,12.65,8.05,213.76
2023-06-25,5.0,4.84,24.22,0.0,27.5,21.8,31.95,0.0,9.8,73.2,1,1,1,10.15,6,Summer,1,25.6,0.0,156,2,25.95,0.0,8.716666666666667,24.75,22.75,0.0,0.0,8.0,12.65,269.5
2023-06-26,7.0,18.03,126.18,73.5,32.8,23.1,41.25,0.0,13.8,83.86,1,1,1,18.15,6,Summer,1,27.5,0.0,157,2,28.63333333333333,0.0,10.65,25.6,24.75,0.0,0.0,8.35,8.0,452.64
2023-06-27,17.0,10.68,181.61,99.0,28.1,20.3,34.7,0.0,7.85,71.75,1,1,0,14.4,6,Summer,1,32.8,0.0,158,2,29.46666666666667,0.0,10.483333333333334,27.5,25.6,0.0,0.0,9.8,8.35,220.585
2023-06-28,0.0,0.0,0.0,0.0,24.85,20.3,28.0,0.0,9.1,69.31,1,1,0,7.7,6,Summer,0,28.1,0.0,159,2,28.583333333333332,0.0,10.250000000000002,32.8,27.5,0.0,0.0,13.8,9.8,226.135
2023-06-29,3.0,2.64,7.91,0.0,24.1,21.35,27.25,0.0,9.35,68.7,1,1,0,5.9,6,Summer,1,24.85,0.0,160,2,25.683333333333337,0.0,8.766666666666667,28.1,32.8,0.0,0.0,7.85,13.8,225.335
2023-06-30,10.0,9.73,97.32,92.0,23.9,20.85,25.75,0.0,10.3,69.52,1,1,1,4.9,6,Summer,1,24.1,0.0,161,2,24.28333333333333,0.0,9.583333333333334,24.85,28.1,0.0,0.0,9.1,7.85,246.17000000000002
2023-07-01,5.0,10.16,50.78,61.0,23.6,18.0,26.6,0.0,7.55,66.12,1,1,0,8.6,7,Summer,1,23.9,0.0,162,2,23.866666666666664,0.0,9.066666666666666,24.1,24.85,0.0,0.0,9.35,9.1,178.18
2023-07-02,5.0,3.0,14.98,0.0,25.15,20.25,27.6,0.0,9.35,69.94,1,1,1,7.35,7,Summer,1,23.6,0.0,163,2,24.21666666666667,0.0,9.066666666666668,23.9,24.1,0.0,0.0,10.3,9.35,235.15249999999997
2023-07-03,19.0,138.55,2632.48,84.67,24.5,21.3,27.1,0.0,9.4,69.23,1,1,1,5.8,7,Summer,1,25.15,0.0,164,2,24.416666666666668,0.0,8.766666666666667,23.6,23.9,0.0,0.0,7.55,10.3,230.3
2023-07-04,4.0,3.35,13.39,0.0,24.55,20.5,27.0,0.0,8.85,68.68,1,1,1,6.5,7,Summer,1,24.5,0.0,165,2,24.733333333333334,0.0,9.200000000000001,25.15,23.6,0.0,0.0,9.35,7.55,217.26749999999998
2023-07-05,3.0,1.11,3.32,0.0,23.65,19.8,28.0,0.0,7.8,66.46,1,1,0,8.2,7,Summer,1,24.55,0.0,166,2,24.233333333333334,0.0,8.683333333333335,24.5,25.15,0.0,0.0,9.4,9.35,184.47
2023-07-06,5.0,1.9,9.51,0.0,23.6,18.15,26.85,0.0,8.25,66.9,1,1,1,8.7,7,Summer,1,23.65,0.0,167,2,23.933333333333334,0.0,8.300000000000002,24.55,24.5,0.0,0.0,8.85,9.4,194.70000000000002
2023-07-07,7.0,7.16,50.13,76.0,23.45,21.8,25.75,0.0,11.1,69.88,1,1,1,3.95,7,Summer,1,23.6,0.0,168,2,23.566666666666666,0.0,9.050000000000002,23.65,24.55,0.0,0.0,7.8,8.85,260.29499999999996
2023-07-08,10.0,2.23,22.34,0.0,22.65,18.1,25.85,0.0,9.85,67.55,1,1,1,7.75,7,Summer,1,23.45,0.0,169,2,23.23333333333333,0.0,9.733333333333334,23.6,23.65,0.0,0.0,8.25,7.8,223.1025
2023-07-09,7.0,2.58,18.05,56.0,23.15,18.9,26.8,0.0,9.75,68.03,1,1,1,7.9,7,Summer,1,22.65,0.0,170,2,23.083333333333332,0.0,10.233333333333334,23.45,23.6,0.0,0.0,11.1,8.25,225.71249999999998
2023-07-10,6.0,1.4,8.38,0.0,25.1,19.9,28.55,0.0,7.7,68.05,1,1,0,8.65,7,Summer,1,23.15,0.0,171,2,23.633333333333336,0.0,9.1,22.65,23.45,0.0,0.0,9.85,11.1,193.27
2023-07-11,7.0,7.81,54.66,0.0,25.45,21.45,28.25,0.0,9.45,70.4,1,1,1,6.8,7,Summer,1,25.1,0.0,172,2,24.566666666666666,0.0,8.966666666666667,23.15,22.65,0.0,0.0,9.75,9.85,240.50249999999997
2023-07-12,21.0,73.33,1540.02,85.0,25.25,21.0,28.55,0.0,9.25,69.95,1,1,1,7.55,7,Summer,1,25.45,0.0,173,2,25.266666666666666,0.0,8.8,25.1,23.15,0.0,0.0,7.7,9.75,233.5625
2023-07-13,13.0,6.49,84.35,0.0,24.55,18.9,29.9,0.0,8.9,68.73,1,1,0,11.0,7,Summer,1,25.25,0.0,174,2,25.083333333333332,0.0,9.200000000000001,25.45,25.1,0.0,0.0,9.45,7.7,218.495
2023-07-14,14.0,28.01,392.14,87.8,24.2,18.75,27.7,0.0,8.55,67.94,1,1,0,8.95,7,Summer,1,24.55,0.0,175,2,24.666666666666668,0.0,8.9,25.25,25.45,0.0,0.0,9.25,9.45,206.91000000000003
2023-07-15,7.0,2.25,15.74,0.0,23.45,20.4,26.5,0.0,11.2,69.99,1,1,1,6.1,7,Summer,1,24.2,0.0,176,2,24.066666666666663,0.0,9.550000000000002,24.55,25.25,0.0,0.0,8.9,9.25,262.64
2023-07-16,25.0,84.01,2100.27,95.82,23.8,20.4,26.65,0.0,12.35,71.67,1,1,1,6.25,7,Summer,1,23.45,0.0,177,2,23.816666666666666,0.0,10.700000000000003,24.2,24.55,0.0,0.0,8.55,8.9,293.93
2023-07-17,176.0,102.48,18036.01,86.0,23.65,18.25,27.5,0.0,7.55,66.18,1,1,0,9.25,7,Summer,1,23.8,0.0,178,2,23.63333333333333,0.0,10.366666666666667,23.45,24.2,0.0,0.0,11.2,8.55,178.55749999999998
2023-07-18,59.0,22.97,1354.98,87.0,26.4,22.15,30.7,0.0,10.6,72.79,1,1,1,8.55,7,Summer,1,23.65,0.0,179,2,24.616666666666664,0.0,10.166666666666668,23.8,23.45,0.0,0.0,12.35,11.2,279.84
2023-07-19,10.0,4.78,47.76,0.0,25.5,22.25,29.0,0.0,9.85,70.9,1,1,1,6.75,7,Summer,1,26.4,0.0,180,2,25.183333333333334,0.0,9.333333333333334,23.65,23.8,0.0,0.0,7.55,12.35,251.17499999999998
2023-07-20,23.0,55.95,1286.75,88.0,23.75,21.05,26.0,0.0,9.95,68.96,1,1,1,4.95,7,Summer,1,25.5,0.0,181,2,25.216666666666665,0.0,10.133333333333333,26.4,23.65,0.0,0.0,10.6,7.55,236.31249999999997
2023-07-21,10.0,2.51,25.1,27.0,23.5,19.85,25.7,0.0,11.95,70.88,1,1,1,5.85,7,Summer,1,23.75,0.0,182,2,24.25,0.0,10.583333333333334,25.5,26.4,0.0,0.0,9.85,10.6,280.825
2023-07-22,8.0,6.24,49.95,56.0,22.95,19.45,25.25,0.0,11.0,69.18,1,1,1,5.8,7,Summer,1,23.5,0.0,183,2,23.400000000000002,0.0,10.966666666666667,23.75,25.5,0.0,0.0,9.95,9.85,252.45
2023-07-23,3.0,9.82,29.47,50.0,22.85,19.35,26.0,0.0,8.9,66.73,1,0,1,6.65,7,Summer,1,22.95,0.0,184,2,23.100000000000005,0.0,10.616666666666669,23.5,23.75,0.0,0.0,11.95,9.95,203.365
2023-07-24,6.0,18.98,113.86,80.0,23.2,21.4,25.25,0.0,11.9,70.47,1,0,1,3.85,7,Summer,1,22.85,0.0,185,2,23.0,0.0,10.600000000000001,22.95,23.5,0.0,0.0,11.0,11.95,276.08
2023-07-25,6.0,5.16,30.99,64.0,23.0,19.4,25.15,0.0,10.5,68.68,1,1,1,5.75,7,Summer,1,23.2,0.0,186,2,23.016666666666666,0.0,10.433333333333335,22.85,22.95,0.0,0.0,8.9,11.0,241.5
2023-07-26,5.0,90.94,454.7,80.8,22.05,18.05,25.0,0.0,9.85,66.85,1,0,1,6.95,7,Summer,1,23.0,0.0,187,2,22.75,0.0,10.75,23.2,22.85,0.0,0.0,11.9,8.9,217.1925
2023-07-27,5.0,32.18,160.9,73.6,23.2,20.8,25.3,0.0,10.2,68.59,1,1,1,4.5,7,Summer,1,22.05,0.0,188,2,22.75,0.0,10.183333333333335,23.0,23.2,0.0,0.0,10.5,11.9,236.64
2023-07-28,14.0,3.05,42.67,0.0,22.85,17.7,25.45,0.0,9.65,67.57,1,1,1,7.75,7,Summer,1,23.2,0.0,189,2,22.7,0.0,9.9,22.05,23.0,0.0,0.0,9.85,10.5,220.50250000000003
2023-07-29,4.0,2.11,8.44,0.0,22.85,17.8,26.8,0.0,8.4,66.18,1,1,1,9.0,7,Summer,1,22.85,0.0,190,2,22.96666666666667,0.0,9.416666666666668,23.2,22.05,0.0,0.0,10.2,9.85,191.94000000000003
2023-07-30,7.0,9.73,68.1,70.0,24.45,21.0,26.95,0.0,9.0,68.73,1,1,1,5.95,7,Summer,1,22.85,0.0,191,2,23.383333333333336,0.0,9.016666666666667,22.85,23.2,0.0,0.0,9.65,10.2,220.04999999999998
2023-07-31,21.0,18.73,393.38,67.0,23.7,19.3,28.0,0.0,9.15,68.01,1,1,1,8.7,7,Summer,1,24.45,0.0,192,2,23.666666666666668,0.0,8.850000000000001,22.85,22.85,0.0,0.0,8.4,9.65,216.855
2023-08-01,13.0,5.06,65.83,84.5,23.1,19.0,26.0,0.0,9.3,67.47,1,1,1,7.0,8,Summer,1,23.7,0.0,193,2,23.75,0.0,9.15,24.45,22.85,0.0,0.0,9.0,8.4,214.83000000000004
2023-08-02,16.0,88.88,1422.0,83.0,23.35,18.9,26.0,0.0,9.35,67.82,1,1,0,7.1,8,Summer,1,23.1,0.0,194,2,23.383333333333336,0.0,9.266666666666667,23.7,24.45,0.0,0.0,9.15,9.0,218.3225
2023-08-03,26.0,5.35,139.05,68.0,23.35,19.55,26.7,0.0,10.15,68.71,1,1,1,7.15,8,Summer,1,23.35,0.0,195,2,23.266666666666666,0.0,9.600000000000001,23.1,23.7,0.0,0.0,9.3,9.15,237.00250000000003
2023-08-04,6.0,3.75,22.48,0.0,22.7,17.8,26.85,0.0,9.95,67.72,1,0,1,9.05,8,Summer,1,23.35,0.0,196,2,23.133333333333336,0.0,9.816666666666668,23.35,23.1,0.0,0.0,9.35,9.3,225.86499999999998
2023-08-05,32.0,74.19,2374.18,81.57,25.9,18.9,31.05,0.0,10.2,71.76,1,1,1,12.15,8,Summer,1,22.7,0.0,197,2,23.98333333333333,0.0,10.100000000000001,23.35,23.35,0.0,0.0,10.15,9.35,264.17999999999995
2023-08-06,82.0,38.74,3176.78,78.57,25.55,20.5,29.05,0.0,11.1,72.35,1,1,1,8.55,8,Summer,1,25.9,0.0,198,2,24.71666666666667,0.0,10.416666666666668,22.7,23.35,0.0,0.0,9.95,10.15,283.605
2023-08-07,25.0,9.26,231.55,0.0,24.4,20.85,27.35,0.0,9.45,69.17,1,1,1,6.5,8,Summer,1,25.55,0.0,199,2,25.28333333333333,0.0,10.250000000000002,25.9,22.7,0.0,0.0,10.2,9.95,230.57999999999996
2023-08-08,11.0,3.67,40.39,33.0,24.55,21.55,27.1,0.0,7.1,66.74,1,1,0,5.55,8,Summer,1,24.4,0.0,200,2,24.833333333333332,0.0,9.216666666666669,25.55,25.9,0.0,0.0,11.1,10.2,174.305
2023-08-09,11.0,75.14,826.49,94.0,24.95,22.6,27.5,0.0,9.95,70.37,1,1,1,4.9,8,Summer,1,24.55,0.0,201,2,24.633333333333336,0.0,8.833333333333334,24.4,25.55,0.0,0.0,9.45,11.1,248.25249999999997
2023-08-10,4.0,2.19,8.76,0.0,26.05,21.95,29.2,0.0,10.45,72.22,1,1,1,7.25,8,Summer,1,24.95,0.0,202,2,25.183333333333334,0.0,9.166666666666666,24.55,24.4,0.0,0.0,7.1,9.45,272.22249999999997
2023-08-11,15.0,15.46,231.94,88.67,28.3,21.9,33.2,0.0,8.95,73.2,1,1,1,11.3,8,Summer,1,26.05,0.0,203,2,26.433333333333334,0.0,9.783333333333333,24.95,24.55,0.0,0.0,9.95,7.1,253.285
2023-08-12,52.0,81.82,4254.87,74.33,26.7,21.1,31.7,0.0,8.4,70.71,1,1,1,10.6,8,Summer,1,28.3,0.0,204,2,27.016666666666666,0.0,9.266666666666667,26.05,24.95,0.0,0.0,10.45,9.95,224.28
2023-08-13,28.0,7.87,220.24,68.6,25.0,19.65,30.0,0.0,9.75,70.21,1,1,1,10.35,8,Summer,1,26.7,0.0,205,2,26.666666666666668,0.0,9.033333333333333,28.3,26.05,0.0,0.0,8.95,10.45,243.75
2023-08-14,7.0,3.69,25.83,0.0,24.15,20.2,27.5,0.0,9.45,68.87,1,1,1,7.3,8,Summer,1,25.0,0.0,206,2,25.28333333333333,0.0,9.200000000000001,26.7,28.3,0.0,0.0,8.4,8.95,228.21749999999997
2023-08-15,9.0,4.64,41.79,73.0,23.95,18.65,27.2,0.0,8.25,67.31,1,1,1,8.55,8,Summer,1,24.15,0.0,207,2,24.366666666666664,0.0,9.15,25.0,26.7,0.0,0.0,9.75,8.4,197.5875
2023-08-16,10.0,2.21,22.13,0.0,23.55,20.05,26.75,0.0,9.0,67.67,1,1,1,6.7,8,Summer,1,23.95,0.0,208,2,23.883333333333336,0.0,8.9,24.15,25.0,0.0,0.0,9.45,9.75,211.95000000000002
2023-08-17,7.0,3.37,23.57,73.0,23.3,18.9,26.35,0.0,7.7,65.94,1,1,0,7.45,8,Summer,1,23.55,0.0,209,2,23.599999999999998,0.0,8.316666666666668,23.95,24.15,0.0,0.0,8.25,9.45,179.41
2023-08-18,2.0,8.02,16.05,73.0,23.7,18.7,27.1,0.0,8.75,67.57,1,1,1,8.4,8,Summer,1,23.3,0.0,210,2,23.516666666666666,0.0,8.483333333333334,23.55,23.95,0.0,0.0,9.0,8.25,207.375
2023-08-19,0.0,0.0,0.0,0.0,24.75,19.05,28.9,0.0,9.15,69.25,1,1,1,9.85,8,Summer,0,23.7,0.0,211,2,23.916666666666668,0.0,8.533333333333333,23.3,23.55,0.0,0.0,7.7,9.0,226.4625
2023-08-20,16.0,6.95,111.19,74.33,26.0,20.25,32.0,0.0,8.3,69.78,1,1,1,11.75,8,Summer,1,24.75,0.0,212,2,24.816666666666666,0.0,8.733333333333334,23.7,23.3,0.0,0.0,8.75,7.7,215.8
2023-08-21,21.0,5.81,122.06,51.0,28.6,19.9,35.15,0.0,8.65,73.22,1,1,0,15.25,8,Summer,1,26.0,0.0,213,2,26.45,0.0,8.700000000000001,24.75,23.7,0.0,0.0,9.15,8.75,247.39000000000001
2023-08-22,39.0,23.64,921.77,77.07,27.3,20.3,33.45,0.0,6.85,69.7,1,1,0,13.15,8,Summer,1,28.6,0.0,214,2,27.3,0.0,7.9333333333333345,26.0,24.75,0.0,0.0,8.3,9.15,187.005
2023-08-23,33.0,81.99,2705.75,86.58,27.55,20.6,34.95,0.0,6.45,69.55,1,1,0,14.35,8,Summer,1,27.3,0.0,215,2,27.816666666666666,0.0,7.316666666666667,28.6,26.0,0.0,0.0,8.65,8.3,177.69750000000002
2023-08-24,31.0,22.66,702.58,91.0,27.4,21.1,34.3,0.0,7.1,70.1,1,1,0,13.2,8,Summer,1,27.55,0.0,216,2,27.416666666666668,0.0,6.800000000000001,27.3,28.6,0.0,0.0,6.85,8.65,194.54
2023-08-25,11.0,7.33,80.65,86.5,28.8,21.0,36.15,0.0,6.8,71.41,1,1,0,15.15,8,Summer,1,27.4,0.0,217,2,27.916666666666668,0.0,6.783333333333334,27.55,27.3,0.0,0.0,6.45,6.85,195.84
2023-08-26,11.0,6.76,74.39,0.0,25.65,21.9,29.1,0.0,9.95,71.19,1,1,1,7.2,8,Summer,1,28.8,0.0,218,2,27.28333333333333,0.0,7.95,27.4,27.55,0.0,0.0,7.1,6.45,255.21749999999997
2023-08-27,15.0,34.5,517.43,86.2,23.15,18.45,25.25,0.0,13.25,71.9,1,1,1,6.8,8,Summer,1,25.65,0.0,219,2,25.866666666666664,0.0,10.0,28.8,27.4,0.0,0.0,6.8,7.1,306.73749999999995
2023-08-28,7.0,2.85,19.95,0.0,21.95,15.95,26.5,0.0,10.15,67.06,1,0,1,10.55,8,Summer,1,23.15,0.0,220,2,23.583333333333332,0.0,11.116666666666669,25.65,28.8,0.0,0.0,9.95,6.8,222.7925
2023-08-29,9.0,6.43,57.83,71.5,23.05,16.75,27.15,0.0,9.3,67.41,1,1,1,10.4,8,Summer,1,21.95,0.0,221,2,22.716666666666665,0.0,10.9,23.15,25.65,0.0,0.0,13.25,9.95,214.365
2023-08-30,6.0,0.97,5.82,0.0,23.5,20.0,26.2,0.0,10.65,69.44,1,1,1,6.2,8,Summer,1,23.05,0.0,222,2,22.833333333333332,0.0,10.033333333333333,21.95,23.15,0.0,0.0,10.15,13.25,250.275
2023-08-31,3.0,5.56,16.68,0.0,21.7,17.4,26.1,0.0,7.45,63.78,1,0,0,8.7,8,Summer,1,23.5,0.0,223,2,22.75,0.0,9.133333333333335,23.05,21.95,0.0,0.0,9.3,10.15,161.665
2023-09-01,9.0,28.9,260.1,74.25,22.4,17.65,26.0,0.0,9.9,67.31,1,1,1,8.35,9,Autumn,1,21.7,0.0,224,0,22.53333333333333,0.0,9.333333333333334,23.5,23.05,0.0,0.0,10.65,9.3,221.76
2023-09-02,0.0,0.0,0.0,0.0,22.75,20.35,24.55,1.2,8.35,51.01,1,0,1,4.2,9,Autumn,0,22.4,0.0,225,0,22.28333333333333,0.39999999999999997,8.566666666666668,21.7,23.5,0.0,0.0,7.45,10.65,189.9625
2023-09-03,0.0,0.0,0.0,0.0,21.25,17.75,24.3,6.6,8.8,34.74,0,0,0,6.55,9,Autumn,0,22.75,1.2,225,0,22.133333333333336,2.6,9.016666666666667,22.4,21.7,0.0,0.0,9.9,7.45,187.00000000000003
2023-09-04,5.0,0.63,3.17,0.0,21.8,16.35,26.25,0.0,9.2,65.83,1,0,1,9.9,9,Autumn,1,21.25,6.6,226,0,21.933333333333334,2.6,8.783333333333333,22.75,22.4,1.2,0.0,8.35,9.9,200.56
2023-09-05,2.0,0.84,1.68,0.0,21.55,16.85,25.5,0.0,6.85,62.94,1,0,0,8.65,9,Autumn,1,21.8,0.0,227,0,21.53333333333333,2.1999999999999997,8.283333333333333,21.25,22.75,6.6,1.2,8.8,8.35,147.6175
2023-09-06,7.0,1.7,11.88,0.0,22.25,18.5,26.25,0.0,9.2,66.36,1,0,0,7.75,9,Autumn,1,21.55,0.0,228,0,21.866666666666664,0.0,8.416666666666668,21.8,21.25,0.0,6.6,9.2,8.8,204.7
2023-09-07,4.0,1.86,7.42,0.0,22.55,17.9,27.1,0.0,6.7,63.95,1,1,0,9.2,9,Autumn,1,22.25,0.0,229,0,22.11666666666667,0.0,7.583333333333335,21.55,21.8,0.0,0.0,6.85,9.2,151.085
2023-09-08,6.0,13.56,81.36,73.0,22.65,17.85,26.3,0.0,5.95,63.23,1,1,0,8.45,9,Autumn,1,22.55,0.0,230,0,22.483333333333334,0.0,7.283333333333334,22.25,21.55,0.0,0.0,9.2,6.85,134.76749999999998
2023-09-09,13.0,2.48,32.19,0.0,23.3,18.7,27.25,0.0,7.25,65.44,1,1,0,8.55,9,Autumn,1,22.65,0.0,231,0,22.833333333333332,0.0,6.6333333333333355,22.55,22.25,0.0,0.0,6.7,9.2,168.925
2023-09-10,10.0,3.9,39.01,90.0,23.0,18.6,26.2,0.0,6.75,64.53,1,1,0,7.6,9,Autumn,1,23.3,0.0,232,0,22.983333333333334,0.0,6.650000000000001,22.65,22.55,0.0,0.0,5.95,6.7,155.25
2023-09-11,7.0,2.55,17.88,0.0,22.8,18.6,26.05,0.0,7.7,65.35,1,1,0,7.45,9,Autumn,1,23.0,0.0,233,0,23.03333333333333,0.0,7.233333333333334,23.3,22.65,0.0,0.0,7.25,5.95,175.56
2023-09-12,4.0,4.86,19.46,0.0,22.75,18.75,26.0,0.0,9.75,67.56,1,1,1,7.25,9,Autumn,1,22.8,0.0,234,0,22.849999999999998,0.0,8.066666666666668,23.0,23.3,0.0,0.0,6.75,7.25,221.8125
2023-09-13,8.0,1.63,13.05,57.0,22.25,17.75,25.3,0.0,7.85,64.87,1,1,1,7.55,9,Autumn,1,22.75,0.0,235,0,22.599999999999998,0.0,8.433333333333335,22.8,23.0,0.0,0.0,7.7,6.75,174.6625
2023-09-14,3.0,2.67,8.02,0.0,22.5,18.05,25.65,0.0,7.1,64.33,1,1,0,7.6,9,Autumn,1,22.25,0.0,236,0,22.5,0.0,8.233333333333334,22.75,22.8,0.0,0.0,9.75,7.7,159.75
2023-09-15,2.0,1.0,2.0,0.0,23.2,20.0,26.5,0.0,9.55,67.87,1,1,0,6.5,9,Autumn,1,22.5,0.0,237,0,22.650000000000002,0.0,8.166666666666668,22.25,22.75,0.0,0.0,7.85,9.75,221.56
2023-09-16,8.0,2.93,23.47,0.0,22.35,16.3,25.55,0.0,8.05,65.21,1,1,1,9.25,9,Autumn,1,23.2,0.0,238,0,22.683333333333337,0.0,8.233333333333336,22.5,22.25,0.0,0.0,7.1,7.85,179.91750000000002
2023-09-17,9.0,1.97,17.72,0.0,21.3,18.4,24.0,0.0,6.75,62.53,1,0,0,5.6,9,Autumn,1,22.35,0.0,239,0,22.283333333333335,0.0,8.116666666666669,23.2,22.5,0.0,0.0,9.55,7.1,143.775
2023-09-18,1.0,1.49,1.49,0.0,21.9,17.7,25.3,0.0,8.4,65.06,1,0,0,7.6,9,Autumn,1,21.3,0.0,240,0,21.849999999999998,0.0,7.733333333333334,22.35,23.2,0.0,0.0,8.05,9.55,183.96
2023-09-19,1.0,6.23,6.23,0.0,20.6,17.05,25.0,0.0,8.65,63.81,1,0,1,7.95,9,Autumn,1,21.9,0.0,241,0,21.266666666666666,0.0,7.9333333333333345,21.3,22.35,0.0,0.0,6.75,8.05,178.19000000000003
2023-09-20,10.0,3.89,38.89,57.0,21.25,15.3,25.0,0.0,6.9,62.64,1,0,0,9.7,9,Autumn,1,20.6,0.0,242,0,21.25,0.0,7.983333333333334,21.9,21.3,0.0,0.0,8.4,6.75,146.625
2023-09-21,8.0,2.37,18.95,0.0,20.65,15.3,25.25,0.0,5.8,60.71,1,0,0,9.95,9,Autumn,1,21.25,0.0,243,0,20.833333333333332,0.0,7.116666666666668,20.6,21.9,0.0,0.0,8.65,8.4,119.76999999999998
2023-09-22,9.0,1.99,17.95,0.0,19.7,16.25,23.15,0.75,8.3,32.36,0,0,0,6.9,9,Autumn,1,20.65,0.0,243,0,20.533333333333335,0.25,7.000000000000003,21.25,20.6,0.0,0.0,6.9,8.65,163.51000000000002
2023-09-23,11.0,5.69,62.55,52.5,20.3,14.45,24.8,0.0,9.1,63.96,1,0,1,10.35,9,Autumn,1,19.7,0.75,244,0,20.216666666666665,0.25,7.733333333333334,20.65,21.25,0.0,0.0,5.8,6.9,184.73
2023-09-24,9.0,2.05,18.41,0.0,21.6,15.8,25.5,0.0,5.7,61.72,1,0,0,9.7,9,Autumn,1,20.3,0.0,245,0,20.533333333333335,0.25,7.700000000000002,19.7,20.65,0.75,0.0,8.3,5.8,123.12000000000002
2023-09-25,9.0,24.5,220.49,0.0,21.7,16.8,25.65,0.0,6.2,62.39,1,0,0,8.85,9,Autumn,1,21.6,0.0,246,0,21.2,0.0,7.000000000000001,20.3,19.7,0.0,0.75,9.1,8.3,134.54
2023-09-26,2.0,1.62,3.24,0.0,22.35,18.6,25.5,0.0,8.05,65.21,1,0,0,6.9,9,Autumn,1,21.7,0.0,247,0,21.883333333333336,0.0,6.650000000000001,21.6,20.3,0.0,0.0,5.7,9.1,179.91750000000002
2023-09-27,3.0,0.98,2.93,0.0,22.1,18.6,25.15,0.0,5.75,62.37,1,0,0,6.55,9,Autumn,1,22.35,0.0,248,0,22.05,0.0,6.666666666666669,21.7,21.6,0.0,0.0,6.2,5.7,127.075
2023-09-28,6.0,1.84,11.03,0.0,22.6,18.25,26.25,0.0,5.35,62.51,1,1,0,8.0,9,Autumn,1,22.1,0.0,249,0,22.350000000000005,0.0,6.3833333333333355,22.35,21.7,0.0,0.0,8.05,6.2,120.91
2023-09-29,4.0,1.18,4.71,0.0,22.55,18.1,27.5,0.0,6.6,63.84,1,1,0,9.4,9,Autumn,1,22.6,0.0,250,0,22.416666666666668,0.0,5.900000000000001,22.1,22.35,0.0,0.0,5.75,8.05,148.82999999999998
2023-09-30,15.0,4.24,63.54,83.0,23.75,15.05,30.2,0.0,5.2,63.7,1,1,0,15.15,9,Autumn,1,22.55,0.0,251,0,22.96666666666667,0.0,5.716666666666668,22.6,22.1,0.0,0.0,5.35,5.75,123.5
2023-10-01,12.0,8.25,99.01,66.25,22.55,15.75,27.2,0.0,6.2,63.39,1,1,0,11.45,10,Autumn,1,23.75,0.0,252,0,22.95,0.0,6.000000000000001,22.55,22.6,0.0,0.0,6.6,5.35,139.81
2023-10-02,6.0,4.46,26.75,0.0,21.25,15.1,26.05,0.0,5.2,60.76,1,0,0,10.95,10,Autumn,1,22.55,0.0,253,0,22.51666666666667,0.0,5.533333333333335,23.75,22.55,0.0,0.0,5.2,6.6,110.5
2023-10-03,8.0,1.05,8.39,0.0,22.3,17.35,27.05,0.0,6.8,63.76,1,0,0,9.7,10,Autumn,1,21.25,0.0,254,0,22.033333333333335,0.0,6.066666666666667,22.55,23.75,0.0,0.0,6.2,5.2,151.64000000000001
2023-10-04,9.0,5.27,47.46,76.0,22.8,17.05,28.55,0.15,4.85,47.19,1,1,0,11.5,10,Autumn,1,22.3,0.0,255,0,22.116666666666664,0.049999999999999996,5.616666666666667,21.25,22.55,0.0,0.0,5.2,6.2,110.58
2023-10-05,7.0,2.43,17.04,0.0,21.45,16.3,26.6,0.0,4.8,60.55,1,0,0,10.3,10,Autumn,1,22.8,0.15,256,0,22.183333333333334,0.049999999999999996,5.483333333333334,22.3,21.25,0.0,0.0,6.8,5.2,102.96
2023-10-06,16.0,2.17,34.65,0.0,22.5,15.9,29.3,0.0,4.35,61.29,1,1,0,13.4,10,Autumn,1,21.45,0.0,257,0,22.25,0.049999999999999996,4.666666666666668,22.8,22.3,0.15,0.0,4.85,6.8,97.87499999999999
2023-10-07,2.0,2.68,5.37,0.0,23.75,18.7,31.35,0.0,5.75,64.31,1,1,0,12.65,10,Autumn,1,22.5,0.0,258,0,22.566666666666666,0.0,4.966666666666668,21.45,22.8,0.0,0.15,4.8,4.85,136.5625
2023-10-08,8.0,3.97,31.77,0.0,22.45,16.65,29.85,0.0,4.6,61.5,1,1,0,13.2,10,Autumn,1,23.75,0.0,259,0,22.899999999999995,0.0,4.900000000000001,22.5,21.45,0.0,0.0,4.35,4.8,103.26999999999998
2023-10-09,20.0,13.49,269.83,72.88,22.6,14.7,30.2,0.0,5.2,62.34,1,1,0,15.5,10,Autumn,1,22.45,0.0,260,0,22.933333333333334,0.0,5.1833333333333345,23.75,22.5,0.0,0.0,5.75,4.35,117.52000000000001
2023-10-10,7.0,3.22,22.54,0.0,21.4,16.35,27.0,0.0,6.7,62.59,1,0,0,10.65,10,Autumn,1,22.6,0.0,261,0,22.149999999999995,0.0,5.500000000000001,22.45,23.75,0.0,0.0,4.6,5.75,143.38
2023-10-11,19.0,1.75,33.24,0.0,21.7,16.85,26.45,0.0,7.6,63.94,1,0,0,9.6,10,Autumn,1,21.4,0.0,262,0,21.900000000000002,0.0,6.500000000000001,22.6,22.45,0.0,0.0,5.2,4.6,164.92
2023-10-12,10.0,1.68,16.8,0.0,20.8,15.65,25.6,0.0,5.65,60.73,1,0,0,9.95,10,Autumn,1,21.7,0.0,263,0,21.3,0.0,6.650000000000001,21.4,22.6,0.0,0.0,6.7,5.2,117.52000000000001
2023-10-13,10.0,0.84,8.42,0.0,21.45,15.0,26.65,0.0,6.25,62.15,1,0,0,11.65,10,Autumn,1,20.8,0.0,264,0,21.316666666666666,0.0,6.500000000000001,21.7,21.4,0.0,0.0,7.6,6.7,134.0625
2023-10-14,13.0,3.52,45.82,85.0,24.05,18.4,32.5,0.15,7.8,51.93,1,1,0,14.1,10,Autumn,1,21.45,0.0,265,0,22.099999999999998,0.049999999999999996,6.566666666666667,20.8,21.7,0.0,0.0,5.65,7.6,187.59
2023-10-15,14.0,1.25,17.46,0.0,24.25,18.6,29.1,0.0,3.85,62.79,1,1,0,10.5,10,Autumn,1,24.05,0.15,266,0,23.25,0.049999999999999996,5.966666666666669,21.45,20.8,0.0,0.0,6.25,5.65,93.3625
2023-10-16,6.0,0.88,5.28,0.0,22.4,17.35,27.55,0.05,4.7,46.56,1,1,0,10.2,10,Autumn,1,24.25,0.0,267,0,23.566666666666663,0.06666666666666667,5.450000000000002,24.05,21.45,0.15,0.0,7.8,6.25,105.28
2023-10-17,60.0,107.36,6441.37,75.43,24.7,19.95,31.8,0.0,12.1,72.45,1,1,1,11.85,10,Autumn,1,22.4,0.05,268,0,23.78333333333333,0.016666666666666666,6.8833333333333355,24.25,24.05,0.0,0.15,3.85,7.8,298.87
2023-10-18,2.0,0.73,1.45,0.0,23.05,19.5,26.5,0.0,11.6,69.96,1,0,1,7.0,10,Autumn,1,24.7,0.0,269,0,23.383333333333336,0.016666666666666666,9.466666666666667,22.4,24.25,0.05,0.0,4.7,3.85,267.38
2023-10-19,13.0,7.85,102.03,58.0,22.85,19.2,27.0,13.5,20.25,49.3,0,0,1,7.8,10,Autumn,1,23.05,0.0,269,0,23.53333333333333,4.5,14.65,24.7,22.4,0.0,0.05,12.1,4.7,462.71250000000003
2023-10-20,4.0,7.78,31.14,72.0,20.65,16.95,23.5,15.9,10.1,35.47,0,0,1,6.55,10,Autumn,1,22.85,13.5,269,0,22.183333333333334,9.799999999999999,13.983333333333334,23.05,24.7,0.0,0.0,11.6,12.1,208.56499999999997
2023-10-21,1.0,0.43,0.43,0.0,19.25,14.75,23.5,0.0,6.2,59.51,1,0,0,8.75,10,Autumn,1,20.65,15.9,270,0,20.916666666666668,9.799999999999999,12.183333333333335,22.85,23.05,13.5,0.0,20.25,11.6,119.35000000000001
2023-10-22,6.0,1.24,7.41,0.0,22.05,17.25,26.1,0.2,21.35,64.58,1,0,1,8.85,10,Autumn,1,19.25,0.0,271,0,20.650000000000002,5.366666666666667,12.550000000000002,20.65,22.85,15.9,13.5,10.1,20.25,470.76750000000004
2023-10-23,0.0,0.0,0.0,0.0,18.95,17.0,21.6,4.1,13.35,37.07,0,0,1,4.6,10,Autumn,0,22.05,0.2,271,0,20.083333333333332,1.4333333333333333,13.633333333333335,19.25,20.65,0.0,15.9,6.2,10.1,252.9825
2023-10-24,8.0,1.31,10.47,0.0,18.8,13.95,22.6,0.0,7.65,60.59,1,0,0,8.65,10,Autumn,1,18.95,4.1,272,0,19.933333333333334,1.4333333333333333,14.116666666666669,22.05,19.25,0.2,0.0,21.35,6.2,143.82000000000002
2023-10-25,13.0,1.49,19.39,0.0,19.8,13.75,24.25,0.0,5.35,59.22,1,0,0,10.5,10,Autumn,1,18.8,0.0,273,0,19.183333333333334,1.3666666666666665,8.783333333333333,18.95,22.05,4.1,0.2,13.35,21.35,105.92999999999999
2023-10-26,5.0,2.03,10.16,0.0,19.65,14.85,24.5,0.0,5.45,59.15,1,0,0,9.65,10,Autumn,1,19.8,0.0,274,0,19.416666666666668,0.0,6.150000000000001,18.8,18.95,0.0,4.1,7.65,13.35,107.0925
2023-10-27,4.0,1.02,4.08,0.0,19.75,17.95,22.25,1.65,7.1,31.1,0,0,0,4.3,10,Autumn,1,19.65,0.0,274,0,19.733333333333334,0.5499999999999999,5.966666666666668,19.8,18.8,0.0,0.0,5.35,7.65,140.225
2023-10-28,0.0,0.0,0.0,0.0,19.95,16.0,23.0,0.0,6.1,60.22,1,0,0,7.0,10,Autumn,0,19.75,1.65,275,0,19.78333333333333,0.5499999999999999,6.216666666666668,19.65,19.8,0.0,0.0,5.45,5.35,121.695
2023-10-29,6.0,1.3,7.79,0.0,18.95,13.3,23.15,0.0,5.4,58.27,1,0,0,9.85,10,Autumn,1,19.95,0.0,276,0,19.55,0.5499999999999999,6.200000000000002,19.75,19.65,1.65,0.0,7.1,5.45,102.33
2023-10-30,1.0,0.52,0.52,0.0,20.55,18.05,23.1,13.1,11.25,51.63,1,0,1,5.05,10,Autumn,1,18.95,0.0,277,0,19.816666666666666,4.366666666666666,7.583333333333335,19.95,19.75,0.0,1.65,6.1,7.1,231.1875
2023-10-31,0.0,0.0,0.0,0.0,20.15,17.6,23.35,0.0,8.05,62.62,1,0,0,5.75,10,Autumn,0,20.55,13.1,278,0,19.88333333333333,4.366666666666666,8.233333333333336,18.95,19.95,0.0,0.0,5.4,6.1,162.2075
2023-11-01,1.0,0.78,0.78,0.0,19.75,16.6,24.85,0.35,6.15,30.04,0,0,0,8.25,11,Autumn,1,20.15,0.0,278,0,20.150000000000002,4.483333333333333,8.483333333333334,20.55,18.95,13.1,0.0,11.25,5.4,121.4625
2023-11-02,0.0,0.0,0.0,0.0,19.7,13.7,23.5,0.0,9.35,63.53,1,0,1,9.8,11,Autumn,0,19.75,0.35,279,0,19.866666666666667,0.11666666666666665,7.850000000000001,20.15,20.55,0.0,13.1,8.05,11.25,184.195
2023-11-03,0.0,0.0,0.0,0.0,19.5,15.75,22.35,1.9,6.1,44.69,1,0,0,6.6,11,Autumn,0,19.7,0.0,280,0,19.650000000000002,0.75,7.2,19.75,20.15,0.35,0.0,6.15,8.05,118.94999999999999
2023-11-04,15.0,6.75,101.32,69.33,18.45,13.5,22.05,0.0,4.6,56.8,1,0,0,8.55,11,Autumn,1,19.5,1.9,281,0,19.21666666666667,0.6333333333333333,6.6833333333333345,19.7,19.75,0.0,0.35,9.35,6.15,84.86999999999999
2023-11-05,7.0,0.99,6.94,0.0,17.35,15.7,18.8,2.2,7.95,29.21,0,0,0,3.1,11,Autumn,1,18.45,0.0,281,0,18.433333333333334,1.3666666666666665,6.216666666666668,19.5,19.7,1.9,0.0,6.1,9.35,137.9325
2023-11-06,4.0,2.32,9.29,0.0,17.2,14.0,20.55,0.4,10.75,47.14,1,0,1,6.55,11,Autumn,1,17.35,2.2,282,0,17.666666666666668,0.8666666666666667,7.766666666666668,18.45,19.5,0.0,1.9,4.6,6.1,184.9
2023-11-07,9.0,7.45,67.06,75.0,15.3,10.75,19.05,0.15,11.4,45.62,1,0,1,8.3,11,Autumn,1,17.2,0.4,283,0,16.616666666666664,0.9166666666666666,10.033333333333333,17.35,18.45,2.2,0.0,7.95,4.6,174.42000000000002
2023-11-08,5.0,0.9,4.51,0.0,14.8,7.9,20.0,0.15,7.8,41.05,1,0,0,12.1,11,Autumn,1,15.3,0.15,284,0,15.766666666666667,0.2333333333333333,9.983333333333334,17.2,17.35,0.4,2.2,10.75,7.95,115.44
2023-11-09,9.0,5.08,45.71,61.67,16.25,10.85,21.55,0.0,5.65,55.37,1,0,0,10.7,11,Autumn,1,14.8,0.15,285,0,15.450000000000001,0.09999999999999999,8.283333333333333,15.3,17.2,0.15,0.4,11.4,10.75,91.8125
2023-11-10,15.0,1.68,25.19,0.0,19.0,13.95,22.7,0.0,6.4,59.44,1,0,0,8.75,11,Autumn,1,16.25,0.0,286,0,16.683333333333334,0.049999999999999996,6.616666666666667,14.8,15.3,0.15,0.15,7.8,11.4,121.60000000000001
2023-11-11,5.0,1.56,7.8,0.0,17.9,14.0,22.5,0.0,7.35,59.2,1,0,0,8.5,11,Autumn,1,19.0,0.0,287,0,17.71666666666667,0.0,6.466666666666668,16.25,14.8,0.0,0.15,5.65,7.8,131.56499999999997
2023-11-12,2.0,0.76,1.52,0.0,18.05,13.25,22.65,0.0,8.8,60.98,1,0,1,9.4,11,Autumn,1,17.9,0.0,288,0,18.316666666666666,0.0,7.516666666666668,19.0,16.25,0.0,0.0,6.4,5.65,158.84000000000003
2023-11-13,7.0,2.99,20.96,38.0,18.9,11.95,25.5,0.0,4.1,56.77,1,0,0,13.55,11,Autumn,1,18.05,0.0,289,0,18.283333333333335,0.0,6.75,17.9,19.0,0.0,0.0,7.35,6.4,77.48999999999998
2023-11-14,13.0,1.88,24.47,45.0,18.9,12.25,25.25,0.0,3.65,56.28,1,0,0,13.0,11,Autumn,1,18.9,0.0,290,0,18.616666666666667,0.0,5.516666666666668,18.05,17.9,0.0,0.0,8.8,7.35,68.985
2023-11-15,14.0,3.46,48.43,62.0,17.25,11.3,23.6,0.0,3.85,54.56,1,0,0,12.3,11,Autumn,1,18.9,0.0,291,0,18.349999999999998,0.0,3.8666666666666676,18.9,18.05,0.0,0.0,4.1,8.8,66.41250000000001
2023-11-16,8.0,4.18,33.44,44.0,17.25,12.55,21.0,0.25,4.25,40.0,1,0,0,8.45,11,Autumn,1,17.25,0.0,292,0,17.8,0.08333333333333333,3.916666666666668,18.9,18.9,0.0,0.0,3.65,4.1,73.3125
2023-11-17,7.0,1.67,11.68,0.0,16.65,10.5,22.25,0.0,5.15,55.29,1,0,0,11.75,11,Autumn,1,17.25,0.25,293,0,17.05,0.08333333333333333,4.416666666666668,17.25,18.9,0.0,0.0,3.85,3.65,85.7475
2023-11-18,8.0,4.13,33.06,0.0,15.9,11.0,20.95,0.15,4.05,38.19,1,0,0,9.95,11,Autumn,1,16.65,0.0,294,0,16.599999999999998,0.13333333333333333,4.483333333333334,17.25,17.25,0.25,0.0,4.25,3.85,64.395
2023-11-19,9.0,1.11,10.02,61.0,15.7,10.5,21.45,0.15,4.0,37.9,1,0,0,10.95,11,Autumn,1,15.9,0.15,295,0,16.083333333333332,0.09999999999999999,4.400000000000001,16.65,17.25,0.0,0.25,5.15,4.25,62.8
2023-11-20,17.0,2.36,40.12,66.0,15.75,11.0,21.5,0.0,3.8,52.74,1,0,0,10.5,11,Autumn,1,15.7,0.15,296,0,15.783333333333333,0.09999999999999999,3.950000000000001,15.9,16.65,0.15,0.0,4.05,5.15,59.849999999999994
2023-11-21,10.0,2.11,21.06,0.0,18.1,13.4,23.5,0.0,5.55,57.44,1,0,0,10.1,11,Autumn,1,15.75,0.0,297,0,16.51666666666667,0.049999999999999996,4.450000000000001,15.7,15.9,0.15,0.15,4.0,4.05,100.455
2023-11-22,1.0,6.6,6.6,40.0,16.3,10.9,20.15,0.0,6.4,56.26,1,0,0,9.25,11,Autumn,1,18.1,0.0,298,0,16.71666666666667,0.0,5.250000000000001,15.75,15.7,0.0,0.15,3.8,4.0,104.32000000000001
2023-11-23,13.0,5.96,77.46,76.0,14.85,8.25,20.75,0.0,8.25,56.6,1,0,0,12.5,11,Autumn,1,16.3,0.0,299,0,16.416666666666668,0.0,6.733333333333334,18.1,15.75,0.0,0.0,5.55,3.8,122.5125
2023-11-24,3.0,3.83,11.48,60.5,13.6,6.9,19.95,0.0,6.15,52.81,1,0,0,13.05,11,Autumn,1,14.85,0.0,300,0,14.916666666666666,0.0,6.9333333333333345,16.3,18.1,0.0,0.0,6.4,5.55,83.64
2023-11-25,14.0,9.03,126.36,76.33,13.5,8.3,19.5,0.0,4.65,51.03,1,0,0,11.2,11,Autumn,1,13.6,0.0,301,0,13.983333333333334,0.0,6.350000000000001,14.85,16.3,0.0,0.0,8.25,6.4,62.775000000000006
2023-11-26,12.0,2.88,34.53,55.0,14.7,8.55,21.2,0.0,5.6,53.49,1,0,0,12.65,11,Autumn,1,13.5,0.0,302,0,13.933333333333332,0.0,5.466666666666669,13.6,14.85,0.0,0.0,6.15,8.25,82.32
2023-11-27,4.0,3.02,12.09,0.0,15.55,9.8,21.5,0.0,5.6,54.49,1,0,0,11.7,11,Autumn,1,14.7,0.0,303,0,14.583333333333334,0.0,5.283333333333334,13.5,13.6,0.0,0.0,4.65,6.15,87.08
2023-11-28,3.0,6.46,19.37,0.0,16.0,10.2,21.3,0.0,4.75,54.08,1,0,0,11.1,11,Autumn,1,15.55,0.0,304,0,15.416666666666666,0.0,5.316666666666667,14.7,13.5,0.0,0.0,5.6,4.65,76.0
2023-11-29,1.0,1.68,1.68,0.0,16.2,10.35,22.1,0.0,5.8,55.48,1,0,0,11.75,11,Autumn,1,16.0,0.0,305,0,15.916666666666666,0.0,5.383333333333334,15.55,14.7,0.0,0.0,5.6,5.6,93.96
2023-11-30,1.0,0.51,0.51,0.0,17.15,11.7,21.5,0.0,7.65,58.65,1,0,0,9.8,11,Autumn,1,16.2,0.0,306,0,16.45,0.0,6.066666666666667,16.0,15.55,0.0,0.0,4.75,5.6,131.1975
2023-12-01,8.0,2.01,16.1,0.0,16.3,11.95,21.1,13.2,10.3,30.58,0,0,1,9.15,12,Winter,1,17.15,0.0,306,3,16.549999999999997,4.3999999999999995,7.916666666666668,16.2,16.0,0.0,0.0,5.8,4.75,167.89000000000001
2023-12-02,3.0,1.52,4.57,0.0,14.7,11.0,18.5,1.25,5.95,23.88,0,0,0,7.5,12,Winter,1,16.3,13.2,306,3,16.05,4.816666666666666,7.966666666666668,17.15,16.2,0.0,0.0,7.65,5.8,87.465
2023-12-03,2.0,3.3,6.61,0.0,13.85,8.85,18.7,0.0,7.6,54.71,1,0,0,9.85,12,Winter,1,14.7,1.25,307,3,14.950000000000001,4.816666666666666,7.950000000000002,16.3,17.15,13.2,0.0,10.3,7.65,105.25999999999999
2023-12-04,0.0,0.0,0.0,0.0,13.55,7.45,19.4,0.0,5.0,51.48,1,0,0,11.95,12,Winter,0,13.85,0.0,308,3,14.033333333333333,0.4166666666666667,6.1833333333333345,14.7,16.3,1.25,13.2,5.95,10.3,67.75
2023-12-05,0.0,0.0,0.0,0.0,16.9,10.45,22.75,1.3,8.85,29.68,0,0,1,12.3,12,Winter,0,13.55,0.0,308,3,14.766666666666666,0.43333333333333335,7.150000000000001,13.85,14.7,0.0,1.25,7.6,5.95,149.56499999999997
2023-12-06,6.0,1.22,7.35,30.0,17.7,15.9,19.5,4.25,19.6,42.52,0,0,1,3.6,12,Winter,1,16.9,1.3,308,3,16.05,1.8499999999999999,11.15,13.55,13.85,0.0,0.0,5.0,7.6,346.92
2023-12-07,1.0,3.19,3.19,0.0,17.45,13.85,20.3,0.25,3.9,39.85,1,0,0,6.45,12,Winter,1,17.7,4.25,309,3,17.349999999999998,1.9333333333333333,10.783333333333333,16.9,13.55,1.3,0.0,8.85,5.0,68.05499999999999
2023-12-08,3.0,0.81,2.43,0.0,16.95,11.5,22.05,0.0,5.0,55.48,1,0,0,10.55,12,Winter,1,17.45,0.25,310,3,17.366666666666667,1.5,9.500000000000002,17.7,16.9,4.25,1.3,19.6,8.85,84.75
2023-12-09,11.0,2.48,27.27,0.0,17.3,13.35,21.85,0.0,6.85,57.94,1,0,0,8.5,12,Winter,1,16.95,0.0,311,3,17.233333333333334,0.08333333333333333,5.250000000000001,17.45,17.7,0.25,4.25,3.9,19.6,118.505
2023-12-10,2.0,13.33,26.66,63.0,17.25,11.5,24.5,0.0,6.4,57.38,1,0,0,13.0,12,Winter,1,17.3,0.0,312,3,17.166666666666668,0.0,6.083333333333335,16.95,17.45,0.0,0.25,5.0,3.9,110.4
2023-12-11,11.0,1.66,18.28,0.0,17.3,11.35,25.5,0.0,3.55,54.28,1,0,0,14.15,12,Winter,1,17.25,0.0,313,3,17.283333333333335,0.0,5.600000000000001,17.3,16.95,0.0,0.0,6.85,5.0,61.415
2023-12-12,8.0,1.38,11.08,0.0,15.5,11.3,20.5,0.0,3.7,52.33,1,0,0,9.2,12,Winter,1,17.3,0.0,314,3,16.683333333333334,0.0,4.550000000000002,17.25,17.3,0.0,0.0,6.4,6.85,57.35
2023-12-13,6.0,0.7,4.22,0.0,16.55,13.2,20.5,2.65,7.75,28.05,0,0,0,7.3,12,Winter,1,15.5,0.0,314,3,16.450000000000003,0.8833333333333333,5.000000000000001,17.3,17.25,0.0,0.0,3.55,6.4,128.26250000000002
2023-12-14,2.0,2.54,5.08,0.0,13.65,9.5,17.5,0.0,9.6,56.69,1,0,1,8.0,12,Winter,1,16.55,2.65,315,3,15.233333333333336,0.8833333333333333,7.016666666666668,15.5,17.3,0.0,0.0,3.7,3.55,131.04
2023-12-15,4.0,0.76,3.03,0.0,11.7,5.1,18.7,0.0,7.25,51.79,1,0,0,13.6,12,Winter,1,13.65,0.0,316,3,13.966666666666669,0.8833333333333333,8.200000000000001,16.55,15.5,2.65,0.0,7.75,3.7,84.82499999999999
2023-12-16,7.0,4.43,31.0,63.0,16.05,6.8,23.2,0.0,9.7,59.62,1,0,1,16.4,12,Winter,1,11.7,0.0,317,3,13.800000000000002,0.0,8.850000000000001,13.65,16.55,0.0,2.65,9.6,7.75,155.685
2023-12-17,11.0,3.62,39.81,0.0,13.35,5.25,20.35,0.0,9.25,55.95,1,0,1,15.1,12,Winter,1,16.05,0.0,318,3,13.700000000000001,0.0,8.733333333333334,11.7,13.65,0.0,0.0,7.25,9.6,123.4875
2023-12-18,6.0,3.69,22.13,50.0,13.15,8.0,19.0,0.0,14.15,61.13,1,0,1,11.0,12,Winter,1,13.35,0.0,319,3,14.183333333333332,0.0,11.033333333333333,16.05,11.7,0.0,0.0,9.7,7.25,186.07250000000002
2023-12-19,3.0,3.05,9.14,0.0,11.65,5.5,17.5,0.0,6.1,50.46,1,0,0,12.0,12,Winter,1,13.15,0.0,320,3,12.716666666666669,0.0,9.833333333333336,13.35,16.05,0.0,0.0,9.25,9.7,71.065
2023-12-20,3.0,2.46,7.38,0.0,12.9,6.4,18.4,0.6,6.65,37.54,1,0,0,12.0,12,Winter,1,11.65,0.0,321,3,12.566666666666668,0.19999999999999998,8.966666666666669,13.15,13.35,0.0,0.0,14.15,9.25,85.78500000000001
2023-12-21,4.0,4.82,19.27,37.0,14.1,10.7,17.35,3.7,5.5,22.68,0,0,0,6.65,12,Winter,1,12.9,0.6,321,3,12.883333333333335,1.4333333333333333,6.083333333333335,11.65,13.15,0.0,0.0,6.1,14.15,77.55
2023-12-22,2.0,0.82,1.63,0.0,12.9,6.8,19.0,0.0,5.25,50.99,1,0,0,12.2,12,Winter,1,14.1,3.7,322,3,13.300000000000002,1.4333333333333336,5.800000000000002,12.9,11.65,0.6,0.0,6.65,6.1,67.72500000000001
2023-12-23,3.0,2.63,7.9,0.0,13.35,7.5,19.25,0.15,4.75,35.96,1,0,0,11.75,12,Winter,1,12.9,0.0,323,3,13.450000000000001,1.2833333333333334,5.166666666666668,14.1,12.9,3.7,0.6,5.5,6.65,63.4125
2023-12-24,7.0,1.28,8.93,0.0,12.05,6.5,18.75,0.0,5.1,49.82,1,0,0,12.25,12,Winter,1,13.35,0.15,324,3,12.766666666666667,0.049999999999999996,5.033333333333334,12.9,14.1,0.0,3.7,5.25,5.5,61.455
2023-12-25,8.0,1.9,15.23,0.0,12.55,6.9,18.4,0.0,5.5,50.85,1,0,0,11.5,12,Winter,1,12.05,0.0,325,3,12.65,0.049999999999999996,5.116666666666668,13.35,12.9,0.15,0.0,4.75,5.25,69.025
2023-12-26,8.0,4.98,39.83,45.0,12.9,7.6,17.2,0.0,6.75,52.65,1,0,0,9.6,12,Winter,1,12.55,0.0,326,3,12.5,0.0,5.783333333333334,12.05,13.35,0.0,0.15,5.1,4.75,87.075
2023-12-27,8.0,1.26,10.09,0.0,12.0,8.65,17.75,0.0,7.4,52.31,1,0,0,9.1,12,Winter,1,12.9,0.0,327,3,12.483333333333334,0.0,6.550000000000002,12.55,12.05,0.0,0.0,5.5,5.1,88.80000000000001
2023-12-28,6.0,4.48,26.89,63.5,11.8,4.4,20.35,0.0,3.4,47.65,1,0,0,15.95,12,Winter,1,12.0,0.0,328,3,12.233333333333334,0.0,5.850000000000001,12.9,12.55,0.0,0.0,6.75,5.5,40.120000000000005
2023-12-29,2.0,0.9,1.8,0.0,14.55,7.6,22.0,0.0,4.95,52.6,1,0,0,14.4,12,Winter,1,11.8,0.0,329,3,12.783333333333337,0.0,5.250000000000001,12.0,12.9,0.0,0.0,7.4,6.75,72.02250000000001
2023-12-30,3.0,6.72,20.17,57.5,14.7,8.35,20.55,0.0,5.1,52.94,1,0,0,12.2,12,Winter,1,14.55,0.0,330,3,13.683333333333335,0.0,4.483333333333334,11.8,12.0,0.0,0.0,3.4,7.4,74.96999999999998
2023-12-31,5.0,0.99,4.94,0.0,12.8,7.2,19.6,0.0,5.05,50.65,1,0,0,12.4,12,Winter,1,14.7,0.0,331,3,14.016666666666667,0.0,5.033333333333334,14.55,11.8,0.0,0.0,4.95,3.4,64.64
